ref_data,p_value,r2,kb,Height_R2,BMI_R2,SBP_R2,DBP_R2,HDL_R2,LDL_R2,TC_R2,TG_R2
ukbb,5e-8,0.001,50,0.00010167507833505802,0.0,0.0,0.0,0.001204458574940548,0.002595110659519615,0.0,0.007406283304896302
ukbb,5e-8,0.001,100,0.00010167507833505802,0.0,0.0,0.0,0.001204458574940548,0.002595110659519615,0.0,0.007400247601263333
ukbb,5e-8,0.001,250,0.00010167507833505802,0.0,0.0,0.0,0.001204458574940548,0.002595110659519615,0.0,0.007400247601263333
ukbb,5e-8,0.001,500,0.00010167507833505802,0.0,0.0,0.0,0.001204458574940548,0.002595110659519615,0.0,0.007400247601263333
ukbb,5e-8,0.001,1000,0.00010167507833505802,0.0,0.0,0.0,0.001204458574940548,0.002595110659519615,0.0,0.007400247601263333
ukbb,5e-8,0.01,50,0.00010167507833505802,0.0,0.0,0.0,0.001204458574940548,0.002595110659519615,0.0,0.007406283304896302
ukbb,5e-8,0.01,100,0.00010167507833505802,0.0,0.0,0.0,0.001204458574940548,0.002595110659519615,0.0,0.007400247601263333
ukbb,5e-8,0.01,250,0.00010167507833505802,0.0,0.0,0.0,0.001204458574940548,0.002595110659519615,0.0,0.007400247601263333
ukbb,5e-8,0.01,500,0.00010167507833505802,0.0,0.0,0.0,0.001204458574940548,0.002595110659519615,0.0,0.007400247601263333
ukbb,5e-8,0.01,1000,0.00010167507833505802,0.0,0.0,0.0,0.001204458574940548,0.002595110659519615,0.0,0.007400247601263333
ukbb,5e-8,0.05,50,0.00010167507833505802,0.0,0.0,0.0,0.001204458574940548,0.002595110659519615,0.0,0.007406283304896302
ukbb,5e-8,0.05,100,0.00010167507833505802,0.0,0.0,0.0,0.001204458574940548,0.002595110659519615,0.0,0.007400247601263333
ukbb,5e-8,0.05,250,0.00010167507833505802,0.0,0.0,0.0,0.001204458574940548,0.002595110659519615,0.0,0.007400247601263333
ukbb,5e-8,0.05,500,0.00010167507833505802,0.0,0.0,0.0,0.001204458574940548,0.002595110659519615,0.0,0.007400247601263333
ukbb,5e-8,0.05,1000,0.00010167507833505802,0.0,0.0,0.0,0.001204458574940548,0.002595110659519615,0.0,0.007400247601263333
ukbb,5e-8,0.1,50,0.00010167507833505802,0.0,0.0,0.0,0.001204458574940548,0.002595110659519615,0.0,0.007406283304896302
ukbb,5e-8,0.1,100,0.00010167507833505802,0.0,0.0,0.0,0.001204458574940548,0.002595110659519615,0.0,0.007400247601263333
ukbb,5e-8,0.1,250,0.00010167507833505802,0.0,0.0,0.0,0.001204458574940548,0.002595110659519615,0.0,0.007400247601263333
ukbb,5e-8,0.1,500,0.00010167507833505802,0.0,0.0,0.0,0.001204458574940548,0.002595110659519615,0.0,0.007400247601263333
ukbb,5e-8,0.1,1000,0.00010167507833505802,0.0,0.0,0.0,0.001204458574940548,0.002595110659519615,0.0,0.007400247601263333
ukbb,5e-8,0.2,50,0.00010167507833505802,0.0,0.0,0.0,0.0002952634942296036,0.002595110659519615,0.0,0.007406283304896302
ukbb,5e-8,0.2,100,0.00010167507833505802,0.0,0.0,0.0,0.0002952634942296036,0.002595110659519615,0.0,0.007400247601263333
ukbb,5e-8,0.2,250,0.00010167507833505802,0.0,0.0,0.0,0.0002952634942296036,0.002595110659519615,0.0,0.007400247601263333
ukbb,5e-8,0.2,500,0.00010167507833505802,0.0,0.0,0.0,0.0002952634942296036,0.002595110659519615,0.0,0.007400247601263333
ukbb,5e-8,0.2,1000,0.00010167507833505802,0.0,0.0,0.0,0.0002952634942296036,0.002595110659519615,0.0,0.007400247601263333
ukbb,5e-8,0.5,50,0.00010167507833505802,0.0,0.0,0.0,0.001552663341608078,0.002595110659519615,0.0,0.007367466478783678
ukbb,5e-8,0.5,100,0.00010167507833505802,0.0,0.0,0.0,0.001552663341608078,0.002595110659519615,0.0,0.007789676029102714
ukbb,5e-8,0.5,250,0.00010167507833505802,0.0,0.0,0.0,0.001552663341608078,0.002595110659519615,0.0,0.007789676029102714
ukbb,5e-8,0.5,500,0.00010167507833505802,0.0,0.0,0.0,0.001552663341608078,0.002595110659519615,0.0,0.007789676029102714
ukbb,5e-8,0.5,1000,0.00010167507833505802,0.0,0.0,0.0,0.001552663341608078,0.002595110659519615,0.0,0.007789676029102714
ukbb,5e-7,0.001,50,0.000434673314458144,0.0007779799597996455,0.0,0.0002985798976395319,0.002804556832415615,0.003021496422067002,0.0,0.00656013361162051
ukbb,5e-7,0.001,100,0.0004301656637146979,0.0007779799597996455,0.0,0.0002985798976395319,0.002804556832415615,0.003021496422067002,0.0,0.007001455364446908
ukbb,5e-7,0.001,250,0.0004301656637146979,0.0007779799597996455,0.0,0.0002985798976395319,0.002804556832415615,0.003021496422067002,0.0,0.006582988559201301
ukbb,5e-7,0.001,500,0.0004301656637146979,0.0007779799597996455,0.0,0.0002985798976395319,0.002804556832415615,0.003021496422067002,0.0,0.006582988559201301
ukbb,5e-7,0.001,1000,0.0004301656637146979,0.0007779799597996455,0.0,0.0002985798976395319,0.002804556832415615,0.003021496422067002,0.0,0.006582988559201301
ukbb,5e-7,0.01,50,0.000434673314458144,0.0007779799597996455,0.0,0.0002985798976395319,0.002804556832415615,0.003021496422067002,0.0,0.00656013361162051
ukbb,5e-7,0.01,100,0.0004301656637146979,0.0007779799597996455,0.0,0.0002985798976395319,0.002804556832415615,0.003021496422067002,0.0,0.007001455364446908
ukbb,5e-7,0.01,250,0.0004301656637146979,0.0007779799597996455,0.0,0.0002985798976395319,0.002804556832415615,0.003021496422067002,0.0,0.006582988559201301
ukbb,5e-7,0.01,500,0.0004301656637146979,0.0007779799597996455,0.0,0.0002985798976395319,0.002804556832415615,0.003021496422067002,0.0,0.006582988559201301
ukbb,5e-7,0.01,1000,0.0004301656637146979,0.0007779799597996455,0.0,0.0002985798976395319,0.002804556832415615,0.003021496422067002,0.0,0.006582988559201301
ukbb,5e-7,0.05,50,0.000434673314458144,0.0007779799597996455,0.0,0.0002985798976395319,0.002804556832415615,0.003021496422067002,0.0,0.00656013361162051
ukbb,5e-7,0.05,100,0.0004301656637146979,0.0007779799597996455,0.0,0.0002985798976395319,0.002804556832415615,0.003021496422067002,0.0,0.007001455364446908
ukbb,5e-7,0.05,250,0.0004301656637146979,0.0007779799597996455,0.0,0.0002985798976395319,0.002804556832415615,0.003021496422067002,0.0,0.006582988559201301
ukbb,5e-7,0.05,500,0.0004301656637146979,0.0007779799597996455,0.0,0.0002985798976395319,0.002804556832415615,0.003021496422067002,0.0,0.006582988559201301
ukbb,5e-7,0.05,1000,0.0004301656637146979,0.0007779799597996455,0.0,0.0002985798976395319,0.002804556832415615,0.003021496422067002,0.0,0.006582988559201301
ukbb,5e-7,0.1,50,0.000434673314458144,0.0007779799597996455,0.0,0.0002985798976395319,0.002804556832415615,0.003021496422067002,0.0,0.00656013361162051
ukbb,5e-7,0.1,100,0.0004301656637146979,0.0007779799597996455,0.0,0.0002985798976395319,0.002804556832415615,0.003021496422067002,0.0,0.007001455364446908
ukbb,5e-7,0.1,250,0.0004301656637146979,0.0007779799597996455,0.0,0.0002985798976395319,0.002804556832415615,0.003021496422067002,0.0,0.006582988559201301
ukbb,5e-7,0.1,500,0.0004301656637146979,0.0007779799597996455,0.0,0.0002985798976395319,0.002804556832415615,0.003021496422067002,0.0,0.006582988559201301
ukbb,5e-7,0.1,1000,0.0004301656637146979,0.0007779799597996455,0.0,0.0002985798976395319,0.002804556832415615,0.003021496422067002,0.0,0.006582988559201301
ukbb,5e-7,0.2,50,0.000434673314458144,0.0007779799597996455,0.0,0.0002985798976395319,0.002377899284325065,0.003021496422067002,0.0,0.00656013361162051
ukbb,5e-7,0.2,100,0.0004301656637146979,0.0007779799597996455,0.0,0.0002985798976395319,0.002377899284325065,0.003021496422067002,0.0,0.007001455364446908
ukbb,5e-7,0.2,250,0.0004301656637146979,0.0007779799597996455,0.0,0.0002985798976395319,0.002377899284325065,0.003021496422067002,0.0,0.006582988559201301
ukbb,5e-7,0.2,500,0.0004301656637146979,0.0007779799597996455,0.0,0.0002985798976395319,0.002377899284325065,0.003021496422067002,0.0,0.006582988559201301
ukbb,5e-7,0.2,1000,0.0004301656637146979,0.0007779799597996455,0.0,0.0002985798976395319,0.002377899284325065,0.003021496422067002,0.0,0.006582988559201301
ukbb,5e-7,0.5,50,0.000434673314458144,0.0007779799597996455,0.0,0.0002985798976395319,0.00405816857533001,0.003021496422067002,0.0,0.006574618616563665
ukbb,5e-7,0.5,100,0.0004301656637146979,0.0007779799597996455,0.0,0.0002985798976395319,0.00405816857533001,0.003021496422067002,0.0,0.007363236454820055
ukbb,5e-7,0.5,250,0.0004301656637146979,0.0007779799597996455,0.0,0.0002985798976395319,0.00405816857533001,0.003021496422067002,0.0,0.007363236454820055
ukbb,5e-7,0.5,500,0.0004301656637146979,0.0007779799597996455,0.0,0.0002985798976395319,0.00405816857533001,0.003021496422067002,0.0,0.007363236454820055
ukbb,5e-7,0.5,1000,0.0004301656637146979,0.0007779799597996455,0.0,0.0002985798976395319,0.00405816857533001,0.003021496422067002,0.0,0.007363236454820055
ukbb,5e-6,0.001,50,0.0016666702338833071,0.0033056591639761914,0.0015250212624981887,0.0007233865994509623,0.002122466697025726,0.002505873507046952,0.0020131154549487655,0.018939379522681453
ukbb,5e-6,0.001,100,0.0016277139822849752,0.0037199481152200664,0.0015250212624981887,0.0007233865994509623,0.002122466697025726,0.002421462141546771,0.0020131154549487655,0.02025886926560051
ukbb,5e-6,0.001,250,0.0016277139822849752,0.004258752336401116,0.0015250212624981887,0.0007233865994509623,0.002122466697025726,0.0024185922492989476,0.0020131154549487655,0.019967839058932756
ukbb,5e-6,0.001,500,0.0016277139822849752,0.004258752336401116,0.0015250212624981887,0.0007233865994509623,0.002122466697025726,0.0024185922492989476,0.0020131154549487655,0.019967839058932756
ukbb,5e-6,0.001,1000,0.0016277139822849752,0.004258752336401116,0.0015250212624981887,0.0007233865994509623,0.002122466697025726,0.0024185922492989476,0.0020131154549487655,0.019967839058932756
ukbb,5e-6,0.01,50,0.0016666702338833071,0.0033056591639761914,0.0015250212624981887,0.0007233865994509623,0.002122466697025726,0.002505873507046952,0.0020131154549487655,0.018939379522681453
ukbb,5e-6,0.01,100,0.0016277139822849752,0.0037199481152200664,0.0015250212624981887,0.0007233865994509623,0.002122466697025726,0.002421462141546771,0.0020131154549487655,0.02025886926560051
ukbb,5e-6,0.01,250,0.0016277139822849752,0.004258752336401116,0.0015250212624981887,0.0007233865994509623,0.002122466697025726,0.0024185922492989476,0.0020131154549487655,0.019967839058932756
ukbb,5e-6,0.01,500,0.0016277139822849752,0.004258752336401116,0.0015250212624981887,0.0007233865994509623,0.002122466697025726,0.0024185922492989476,0.0020131154549487655,0.019967839058932756
ukbb,5e-6,0.01,1000,0.0016277139822849752,0.004258752336401116,0.0015250212624981887,0.0007233865994509623,0.002122466697025726,0.0024185922492989476,0.0020131154549487655,0.019967839058932756
ukbb,5e-6,0.05,50,0.0016666702338833071,0.0033056591639761914,0.0015250212624981887,0.0007233865994509623,0.002122466697025726,0.002505873507046952,0.0020131154549487655,0.018939379522681453
ukbb,5e-6,0.05,100,0.0016277139822849752,0.0037199481152200664,0.0015250212624981887,0.0007233865994509623,0.002122466697025726,0.002421462141546771,0.0020131154549487655,0.02025886926560051
ukbb,5e-6,0.05,250,0.0016277139822849752,0.004258752336401116,0.0015250212624981887,0.0007233865994509623,0.002122466697025726,0.0024185922492989476,0.0020131154549487655,0.019967839058932756
ukbb,5e-6,0.05,500,0.0016277139822849752,0.004258752336401116,0.0015250212624981887,0.0007233865994509623,0.002122466697025726,0.0024185922492989476,0.0020131154549487655,0.019967839058932756
ukbb,5e-6,0.05,1000,0.0016277139822849752,0.004258752336401116,0.0015250212624981887,0.0007233865994509623,0.002122466697025726,0.0024185922492989476,0.0020131154549487655,0.019967839058932756
ukbb,5e-6,0.1,50,0.0016666702338833071,0.0033056591639761914,0.0015250212624981887,0.0007233865994509623,0.002122466697025726,0.002505873507046952,0.0020131154549487655,0.018939379522681453
ukbb,5e-6,0.1,100,0.0016277139822849752,0.0037199481152200664,0.0015250212624981887,0.0007233865994509623,0.002122466697025726,0.002421462141546771,0.0020131154549487655,0.02025886926560051
ukbb,5e-6,0.1,250,0.0016277139822849752,0.004258752336401116,0.0015250212624981887,0.0007233865994509623,0.002122466697025726,0.0024185922492989476,0.0020131154549487655,0.019967839058932756
ukbb,5e-6,0.1,500,0.0016277139822849752,0.004258752336401116,0.0015250212624981887,0.0007233865994509623,0.002122466697025726,0.0024185922492989476,0.0020131154549487655,0.019967839058932756
ukbb,5e-6,0.1,1000,0.0016277139822849752,0.004258752336401116,0.0015250212624981887,0.0007233865994509623,0.002122466697025726,0.0024185922492989476,0.0020131154549487655,0.019967839058932756
ukbb,5e-6,0.2,50,0.0016666702338833071,0.0033056591639761914,0.0015250212624981887,0.0007233865994509623,0.0032221254418887163,0.002505873507046952,0.0020131154549487655,0.018939379522681453
ukbb,5e-6,0.2,100,0.0016277139822849752,0.0037199481152200664,0.0015250212624981887,0.0007233865994509623,0.0032221254418887163,0.002421462141546771,0.0020131154549487655,0.02025886926560051
ukbb,5e-6,0.2,250,0.0016277139822849752,0.004258752336401116,0.0015250212624981887,0.0007233865994509623,0.0032221254418887163,0.0024185922492989476,0.0020131154549487655,0.019967839058932756
ukbb,5e-6,0.2,500,0.0016277139822849752,0.004258752336401116,0.0015250212624981887,0.0007233865994509623,0.0032221254418887163,0.0024185922492989476,0.0020131154549487655,0.019967839058932756
ukbb,5e-6,0.2,1000,0.0016277139822849752,0.004258752336401116,0.0015250212624981887,0.0007233865994509623,0.0032221254418887163,0.0024185922492989476,0.0020131154549487655,0.019967839058932756
ukbb,5e-6,0.5,50,0.0016666702338833071,0.0028211768668432178,0.0015250212624981887,0.0007233865994509623,0.0053453473535388825,0.002384881613493205,0.0020131154549487655,0.018885586904262043
ukbb,5e-6,0.5,100,0.0016277139822849752,0.0032503848564615543,0.0015250212624981887,0.0007233865994509623,0.0053453473535388825,0.0022936850185690996,0.0020131154549487655,0.019878075833668366
ukbb,5e-6,0.5,250,0.0016277139822849752,0.0037856417383942,0.0015250212624981887,0.0007233865994509623,0.0053453473535388825,0.0022879688464459563,0.0020131154549487655,0.019878075833668366
ukbb,5e-6,0.5,500,0.0016277139822849752,0.0037856417383942,0.0015250212624981887,0.0007233865994509623,0.0053453473535388825,0.0022879688464459563,0.0020131154549487655,0.019878075833668366
ukbb,5e-6,0.5,1000,0.0016277139822849752,0.0037856417383942,0.0015250212624981887,0.0007233865994509623,0.0053453473535388825,0.0022879688464459563,0.0020131154549487655,0.019878075833668366
ukbb,5e-5,0.001,50,0.004867819505793718,0.013572171336402442,0.0024071754598559477,0.004253648775770224,0.0008735760969161919,0.012359881992083635,0.006701956824253574,0.010334400154920629
ukbb,5e-5,0.001,100,0.005697968615980121,0.013832359604909373,0.0024118394537145722,0.004461959380093765,0.0008735760969161919,0.012299840322207328,0.006701956824253574,0.009045521286501334
ukbb,5e-5,0.001,250,0.005479373400220376,0.014274590520811203,0.0024118394537145722,0.004461959380093765,0.0008735760969161919,0.012189907609423836,0.006701956824253574,0.008321740433231166
ukbb,5e-5,0.001,500,0.005479373400220376,0.013128493866856524,0.0024118394537145722,0.004461959380093765,0.0008735760969161919,0.012189907609423836,0.006701956824253574,0.006297702547374955
ukbb,5e-5,0.001,1000,0.005821828851528068,0.012646044750238077,0.0024118394537145722,0.004461959380093765,0.0008735760969161919,0.012189907609423836,0.006701956824253574,0.006297702547374955
ukbb,5e-5,0.01,50,0.004867819505793718,0.01348474951245396,0.0024071754598559477,0.004253648775770224,0.0008735760969161919,0.012359881992083635,0.006701956824253574,0.010334400154920629
ukbb,5e-5,0.01,100,0.005697968615980121,0.013880011668490181,0.0024118394537145722,0.004461959380093765,0.0008735760969161919,0.012299840322207328,0.006701956824253574,0.009045521286501334
ukbb,5e-5,0.01,250,0.005479373400220376,0.014305028238650088,0.0024118394537145722,0.004461959380093765,0.0008735760969161919,0.012189907609423836,0.006701956824253574,0.008322282750297885
ukbb,5e-5,0.01,500,0.005479373400220376,0.013155724143594805,0.0024118394537145722,0.004461959380093765,0.0008735760969161919,0.012189907609423836,0.006701956824253574,0.006364761435231797
ukbb,5e-5,0.01,1000,0.005479373400220376,0.012673353890260258,0.0024118394537145722,0.004461959380093765,0.0008735760969161919,0.012189907609423836,0.006701956824253574,0.006364761435231797
ukbb,5e-5,0.05,50,0.004867819505793718,0.01348474951245396,0.0024071754598559477,0.004253648775770224,0.0008735760969161919,0.01280917674509679,0.006701956824253574,0.010334400154920629
ukbb,5e-5,0.05,100,0.005697968615980121,0.013880011668490181,0.0024118394537145722,0.004461959380093765,0.0008735760969161919,0.012749508732931332,0.006701956824253574,0.009045521286501334
ukbb,5e-5,0.05,250,0.00524514941120906,0.014305028238650088,0.0024118394537145722,0.004461959380093765,0.0008735760969161919,0.012641003045168643,0.006701956824253574,0.008322282750297885
ukbb,5e-5,0.05,500,0.00524514941120906,0.013155724143594805,0.0024118394537145722,0.004461959380093765,0.0008735760969161919,0.012641003045168643,0.006701956824253574,0.006364761435231797
ukbb,5e-5,0.05,1000,0.00524514941120906,0.012673353890260258,0.0024118394537145722,0.004461959380093765,0.0008735760969161919,0.012641003045168643,0.006701956824253574,0.006364761435231797
ukbb,5e-5,0.1,50,0.0049292027113733445,0.01348474951245396,0.0024071754598559477,0.004253648775770224,0.0008735760969161919,0.01280917674509679,0.006701956824253574,0.010334400154920629
ukbb,5e-5,0.1,100,0.0057389760281921255,0.013880011668490181,0.0024118394537145722,0.004461959380093765,0.0008735760969161919,0.012749508732931332,0.006701956824253574,0.009045521286501334
ukbb,5e-5,0.1,250,0.005324772613384135,0.01413816233038022,0.0024118394537145722,0.004461959380093765,0.0008735760969161919,0.012641003045168643,0.006701956824253574,0.008322282750297885
ukbb,5e-5,0.1,500,0.005324772613384135,0.012983056212166739,0.0024118394537145722,0.004461959380093765,0.0008735760969161919,0.012641003045168643,0.006701956824253574,0.006364761435231797
ukbb,5e-5,0.1,1000,0.005324772613384135,0.012500180273208981,0.0024118394537145722,0.004461959380093765,0.0008735760969161919,0.012641003045168643,0.006701956824253574,0.006364761435231797
ukbb,5e-5,0.2,50,0.004843099986064315,0.01348474951245396,0.0024071754598559477,0.0043494510112982885,0.004647735915611588,0.01280917674509679,0.006701956824253574,0.012433971821654177
ukbb,5e-5,0.2,100,0.005685584955714043,0.013880011668490181,0.0024118394537145722,0.004545769671208697,0.004647735915611588,0.012749508732931332,0.006701956824253574,0.012315452567825477
ukbb,5e-5,0.2,250,0.005214465146181292,0.014468256810063194,0.0024118394537145722,0.004545769671208697,0.004647735915611588,0.012641003045168643,0.006701956824253574,0.010469396240417502
ukbb,5e-5,0.2,500,0.005214465146181292,0.0139654473940538,0.0024118394537145722,0.004545769671208697,0.004647735915611588,0.012641003045168643,0.006701956824253574,0.009200300717946894
ukbb,5e-5,0.2,1000,0.005214465146181292,0.01348528147947199,0.0024118394537145722,0.004545769671208697,0.004647735915611588,0.012641003045168643,0.006701956824253574,0.009200300717946894
ukbb,5e-5,0.5,50,0.004473062157218194,0.014378765363750243,0.0024071754598559477,0.004318683958136726,0.0073973066169850145,0.012977837769977654,0.006701956824253574,0.013086174234416825
ukbb,5e-5,0.5,100,0.005138577661562806,0.015187230447461297,0.0024118394537145722,0.004517931745583811,0.0073973066169850145,0.01297055746787523,0.006701956824253574,0.012862184589227908
ukbb,5e-5,0.5,250,0.0048664172759149875,0.014997055258146017,0.0024118394537145722,0.004517931745583811,0.0073973066169850145,0.0129756836079672,0.006701956824253574,0.012853042646002944
ukbb,5e-5,0.5,500,0.0048664172759149875,0.014953922251350067,0.0024118394537145722,0.004517931745583811,0.0073973066169850145,0.0129756836079672,0.006701956824253574,0.011281174409980891
ukbb,5e-5,0.5,1000,0.0048664172759149875,0.014500346967558257,0.0024118394537145722,0.004517931745583811,0.0073973066169850145,0.0129756836079672,0.006701956824253574,0.011281174409980891
ukbb,5e-4,0.001,50,0.004947179601514858,0.003902083601088324,0.010064727199964268,0.006251993745375353,0.004381729992382109,0.004270825901884434,0.004736778760405308,0.008443169285805031
ukbb,5e-4,0.001,100,0.004992554133882141,0.0027169081478680026,0.008274862605848183,0.005820585784564438,0.005780570873647236,0.0023003780766875513,0.004648197834896339,0.008125580618496565
ukbb,5e-4,0.001,250,0.006360263947475008,0.0020053536759964186,0.009139053654325761,0.005889125734627977,0.006700292390816999,0.003775918376904732,0.004362493029184589,0.008373795157011255
ukbb,5e-4,0.001,500,0.00890309224156857,0.002882742118672844,0.00931769713850898,0.005187569246816994,0.006650853061018691,0.0032852400628905843,0.004116169127536896,0.009370437074275442
ukbb,5e-4,0.001,1000,0.007842761187890075,0.004464326616014962,0.009030379138044017,0.005682618584820122,0.005799954413402385,0.003165561781791517,0.003138652296660449,0.006805367994662021
ukbb,5e-4,0.01,50,0.005642902542068239,0.0039250511419072764,0.010064727199964268,0.0062109794976384835,0.005011388899141671,0.0043557300423928795,0.004738616580502785,0.008284504371992792
ukbb,5e-4,0.01,100,0.005546843421367527,0.002723666887597062,0.008274862605848183,0.005545020636935841,0.006909691211502965,0.003929959063477252,0.004656258595052032,0.007988708017395603
ukbb,5e-4,0.01,250,0.007238438916242633,0.002565336974447241,0.00912241282097156,0.005632511775074305,0.007239991069930877,0.005037601599048701,0.004171431672088294,0.008271045554419749
ukbb,5e-4,0.01,500,0.009315055083724818,0.0026195120554595446,0.009604988456210387,0.004818838064400243,0.007239991069930877,0.00451837046742841,0.0040318909579502024,0.008344990178669052
ukbb,5e-4,0.01,1000,0.008505910625840725,0.0036525695898410562,0.009604988456210387,0.004818838064400243,0.007239991069930877,0.00420813573508803,0.0040318909579502024,0.00791687143357115
ukbb,5e-4,0.05,50,0.005438744336287777,0.003973077848023096,0.010020404469403587,0.006537994980950433,0.005011388899141671,0.00477485459553375,0.004399798001205679,0.00689025442614451
ukbb,5e-4,0.05,100,0.004511703403497401,0.002734875458050818,0.008292268704336817,0.006264352558891622,0.006659994660995198,0.004384027014669129,0.004317224027767401,0.0069567759028148594
ukbb,5e-4,0.05,250,0.006705497597840121,0.0030422049691614275,0.008872283084099798,0.006386705671421459,0.006845293171300184,0.005318295038542654,0.003873586452215881,0.0071862163727190835
ukbb,5e-4,0.05,500,0.008585850985295206,0.0031072043803227947,0.009412508335915847,0.0056768633486609914,0.006845293171300184,0.0050760872641681274,0.003946750235299449,0.00720970137886581
ukbb,5e-4,0.05,1000,0.008166918978392484,0.0041605352045686024,0.009412508335915847,0.0056768633486609914,0.006845293171300184,0.004642763913537389,0.003946750235299449,0.007094028450065811
ukbb,5e-4,0.1,50,0.005499583946487054,0.002212805705773606,0.010806821981137483,0.006358312080374167,0.004998382232917077,0.006086686886698736,0.004578811582202137,0.007400738644075115
ukbb,5e-4,0.1,100,0.005277584470122522,0.003028026269779436,0.008825302448223812,0.006107602857930958,0.006761275102653361,0.005641077178269446,0.00443868636958425,0.00577266630879945
ukbb,5e-4,0.1,250,0.0066838069857233715,0.0017760342738453122,0.009414396909513088,0.006639829159190581,0.007052094998931733,0.006563938833792147,0.003955773465617273,0.00617917861614084
ukbb,5e-4,0.1,500,0.008303250917522665,0.0010885138403823986,0.009911117478334867,0.006202603811384145,0.007052094998931733,0.006443390042013945,0.004027436918274415,0.005898904264842422
ukbb,5e-4,0.1,1000,0.007815202664467107,0.0012018526425058296,0.009911117478334867,0.006202603811384145,0.007052094998931733,0.005847891553769754,0.004027436918274415,0.00577847697205577
ukbb,5e-4,0.2,50,0.006211228388875263,0.0011430968802507821,0.010652439759104343,0.0062144320969809,0.007212304723368396,0.005833281518757707,0.0040887384624698495,0.008076331404842645
ukbb,5e-4,0.2,100,0.005461474925488336,0.0021691326561795185,0.008986742098269369,0.0058514660000849854,0.008728441042843356,0.006114403993854436,0.004021439220567553,0.007324252864665661
ukbb,5e-4,0.2,250,0.007131461823303121,0.0014553903022785659,0.009248708453354232,0.00638676452711867,0.008996509556257267,0.006519802578136738,0.0035262599633396675,0.0063668593522208565
ukbb,5e-4,0.2,500,0.008765474801002874,0.0016388185105327775,0.009676778199827533,0.005944426793646933,0.008996509556257267,0.006338634499659923,0.003600511818597875,0.006961513162144904
ukbb,5e-4,0.2,1000,0.008594105887874176,0.0008826327458654786,0.009676778199827533,0.005944426793646933,0.008996509556257267,0.006340479944267689,0.003600511818597875,0.0068350341667565645
ukbb,5e-4,0.5,50,0.0053789870119815425,0.0005722330722661891,0.01037549747916062,0.007586367721508263,0.009876579796025995,0.004163089236091449,0.0032695683786707606,0.007263085155118286
ukbb,5e-4,0.5,100,0.003986808148019809,0.0016716559312502672,0.009154876824881239,0.007476395209475115,0.010476313009576122,0.004033071245881789,0.0033386361210362347,0.0059096016519620456
ukbb,5e-4,0.5,250,0.005057203217669272,0.0010691349939542013,0.008853456881840185,0.008183308242809063,0.010654525772645333,0.0036893380768175774,0.002906245129173075,0.0063647966500027225
ukbb,5e-4,0.5,500,0.006734998631893124,0.0005309587917520191,0.009150716816831085,0.007398313465455037,0.010654525772645333,0.0035685651070133553,0.002906245129173075,0.006575599831438177
ukbb,5e-4,0.5,1000,0.0065487113035643555,0.0008431070637767737,0.009150716816831085,0.007398313465455037,0.010654525772645333,0.0035731884641418124,0.002906245129173075,0.006451541792803837
ukbb,5e-3,0.001,50,0.004696147902498332,0.00380500691776933,0.0015106359145390254,0.008627647969114029,0.004720944334007688,0.008326379885629197,0.0033172654763556735,0.002635092167961227
ukbb,5e-3,0.001,100,0.008752090097443424,0.007269110871595331,0.0029240768785954627,0.011021083551451318,0.006450726803837336,0.00972375979916356,0.002231385307536586,0.002441298900376209
ukbb,5e-3,0.001,250,0.010294740567178306,0.007689930930781042,0.0028409647372765632,0.011907324963087395,0.005832296217574832,0.008200904543980128,0.0034240420539608644,0.0030040274944556577
ukbb,5e-3,0.001,500,0.011933911491593358,0.005702291013679113,0.005667249660875528,0.013007407180895564,0.0048442577180158415,0.008053822592005662,0.00357180228136322,0.00687337412569089
ukbb,5e-3,0.001,1000,0.013422402938166456,0.0034703206076145037,0.006629099464775702,0.011707450581658707,0.009564944809040106,0.008760410003914991,0.0017603282067042826,0.008288017904526124
ukbb,5e-3,0.01,50,0.0045806491136088255,0.004227465154321388,0.00114602728512203,0.008526419333080102,0.004625453713630594,0.008377524875255499,0.002672642998605022,0.0026759119305626196
ukbb,5e-3,0.01,100,0.007938001578536127,0.008057138978933101,0.0018900446771725875,0.010365781539299235,0.005067943822176636,0.009390458991317394,0.0005333659562662794,0.002596274688315153
ukbb,5e-3,0.01,250,0.007819559436755972,0.007296716308935444,0.002336348936029677,0.010170619322230963,0.004811350542822209,0.009177732031065942,0.000994148311267355,0.003648349356199873
ukbb,5e-3,0.01,500,0.008638723624131076,0.0051316516518197484,0.0028573167074843575,0.01057942797843644,0.006478849633099527,0.009389148948217116,0.0013482544379487032,0.004682654924369693
ukbb,5e-3,0.01,1000,0.010272571900947882,0.004331752035852461,0.0027476421170683843,0.009627340230417954,0.006361845354937884,0.009869669068419696,0.0017033667321681096,0.005741456769215772
ukbb,5e-3,0.05,50,0.004970357853515505,0.0024158924638402264,0.002351531642681259,0.009044654101249858,0.005252132603978522,0.009556682661796727,0.002340605505649775,0.004124784762925827
ukbb,5e-3,0.05,100,0.007456499211570761,0.005359097835788624,0.0018050720871936854,0.010336965029270999,0.005402489583087741,0.010783026156774565,0.0007675430446006886,0.004079002105548621
ukbb,5e-3,0.05,250,0.00835278451009551,0.0039008950589783323,0.0030303838550911543,0.010741989278177703,0.0060214364485321244,0.01181132500644575,0.0007416554558760412,0.004525192973907866
ukbb,5e-3,0.05,500,0.009329772768374427,0.0033518747720048775,0.002762267250953165,0.010605886835876878,0.006498919901631137,0.011849322386212313,0.0010117330420002172,0.004241043000699071
ukbb,5e-3,0.05,1000,0.01075289086016258,0.002434712192982363,0.0027412839785079385,0.010600077931911986,0.006623447576579315,0.012174645942559147,0.0012657778221030135,0.004416091338452986
ukbb,5e-3,0.1,50,0.006052186917239825,0.003092976550162981,0.00028874236522852785,0.008855082528217026,0.005496412357568301,0.009299920626150378,0.0015603177751678365,0.003763485598438346
ukbb,5e-3,0.1,100,0.007682825331809268,0.005739927546465999,0.0012614665226964516,0.010234477487224886,0.005616135123154388,0.010150333601254802,0.0005191760965747767,0.0036705609431354528
ukbb,5e-3,0.1,250,0.007966268613939924,0.005143006038147569,0.0009706902528157585,0.011202652923064495,0.0065441265436189545,0.010850829559531922,0.0009767591981368923,0.0033081790857132365
ukbb,5e-3,0.1,500,0.008926201198448058,0.003816067816393915,0.0008797967397161981,0.011245965215823864,0.006731519608912257,0.010766797452198919,0.0012061238132618,0.0033120334013552427
ukbb,5e-3,0.1,1000,0.010310793914053543,0.002937560062633463,0.001010565702431213,0.011278678190950846,0.006842987055036625,0.010870273604101886,0.001364739101839229,0.0033883060356148073
ukbb,5e-3,0.2,50,0.0072958953642725186,0.003300791259647015,0.0005340941602869713,0.008432907362230948,0.00583421804277283,0.00825697716500021,0.0011243842846819692,0.004574513587894121
ukbb,5e-3,0.2,100,0.009666819622401885,0.004861057924082072,0.0019925179571396744,0.00850418573504549,0.0071574489750993175,0.009074492701739774,0.0002073392659395484,0.005580845120704237
ukbb,5e-3,0.2,250,0.010646860631374558,0.004702394389196592,0.0007425382456300448,0.009804618261887806,0.00791404563693959,0.009743254804349065,5.576585471538036e-05,0.005136765566993212
ukbb,5e-3,0.2,500,0.011539782875302804,0.003505899972741889,0.0004541792025662297,0.009901575444027493,0.00812339996624948,0.009969799587253697,0.0002071823977036854,0.005484513218140024
ukbb,5e-3,0.2,1000,0.012230581147238953,0.0025526662049946934,0.0004334801278179945,0.009903322037642338,0.008115241031851734,0.009954891289299495,0.00012743054321262556,0.005405951001451419
ukbb,5e-3,0.5,50,0.009876856054077676,0.0027625762781841867,0.0027831889454163605,0.009138180128176696,0.004382766024901936,0.0071869199542230165,0.0018221949578368245,0.0037960988557887185
ukbb,5e-3,0.5,100,0.010980823342357443,0.003418701549703869,0.003669201751124328,0.00835505587195873,0.004617280850596983,0.00730048446808325,0.0014739421145386392,0.0032472998346154613
ukbb,5e-3,0.5,250,0.011022111898918963,0.00318060841386437,0.0033450212080981517,0.009002689841788179,0.004893784211921114,0.007451929551296667,0.0020411660193620116,0.0035146283420223368
ukbb,5e-3,0.5,500,0.011895193535295603,0.0024143925383448115,0.003630944908871528,0.009029454809514642,0.005127449878191869,0.007605639489803542,0.0019236097499192367,0.003851957083665407
ukbb,5e-3,0.5,1000,0.012037430391091385,0.001867639048291146,0.003630944908871528,0.009032150326048845,0.00512743924535899,0.007591803865609576,0.0019236097499192367,0.003990157225018408
ukbb,5e-2,0.001,50,0.018650256898839923,0.003770930709646164,0.0017527037834810385,0.0031304688669065166,0.008516304893002676,0.0091988772306349,0.004914594959345323,0.0035750679459779036
ukbb,5e-2,0.001,100,0.019926987025508252,0.005057467134528374,0.004012852024123358,0.003804554338030874,0.013026094978258186,0.011500836519057258,0.0010252413405914488,0.0023786976541775766
ukbb,5e-2,0.001,250,0.01656675502836104,0.0068053157106504536,0.00897066209765547,0.0035929870315415113,0.009035469869331951,0.011107371120931556,0.0009838351043951845,0.0052964745455888395
ukbb,5e-2,0.001,500,0.021581590032934046,0.012620592594119923,0.010625713048868862,0.004278265415920413,0.01298610389347535,0.013939821255475554,0.00012816693847932017,0.007757885805148466
ukbb,5e-2,0.001,1000,0.024829540765831135,0.008588742481115585,0.009111307506366495,0.003104431374227892,0.02091315766629046,0.011147645884384499,0.0019033090998283816,0.0031010784977954786
ukbb,5e-2,0.01,50,0.01952144581964549,0.0048804896526162215,0.005587154935980396,0.0036040843773962336,0.006475639762337493,0.012076088315882695,0.004043946274526997,0.0059525576914029885
ukbb,5e-2,0.01,100,0.020414430346917496,0.005623573518029677,0.0038134059727806683,0.005222308066911211,0.008936935641097188,0.01525650431348145,0.0022146378312941388,0.004452601612627932
ukbb,5e-2,0.01,250,0.02177163136859204,0.009264415076862185,0.00661036272314838,0.003651678992273652,0.008550072860230353,0.01105811832254959,0.0021927481822661796,0.006447507543300575
ukbb,5e-2,0.01,500,0.022579378198940216,0.012335499734962277,0.007563816788776045,0.00531716567693752,0.008025590700867226,0.011450771157139291,0.0014833876519833558,0.007552789910587173
ukbb,5e-2,0.01,1000,0.023206877860089306,0.009110770236395197,0.006212744627587341,0.005111223946515219,0.007716764983560965,0.009147594818571797,0.00215928551676199,0.007699821097250342
ukbb,5e-2,0.05,50,0.019109619479090657,0.0016781992686929104,0.00795966129649568,0.00247409759520783,0.004565681708329026,0.01186148290950054,0.0038037105305173753,0.00905745157700374
ukbb,5e-2,0.05,100,0.02053839598586053,0.0025608196769083104,0.004218637443118377,0.004085168892265656,0.007971116333307172,0.014107775539123813,0.0032947545335343066,0.00935087331435043
ukbb,5e-2,0.05,250,0.021616298782284864,0.003925413061758591,0.007019348055282814,0.002687400971191217,0.008318816804349458,0.011926930867968484,0.003506445370325299,0.00821264190692677
ukbb,5e-2,0.05,500,0.024013893463319384,0.0029582596684039845,0.007925875601059841,0.0030598808362309322,0.006993207591049566,0.011605480510381964,0.002981541568292341,0.009426934896678592
ukbb,5e-2,0.05,1000,0.024618640143718902,0.002070344800018795,0.008449069490230828,0.0029405074323546384,0.007220782648498091,0.011272505378459073,0.00315806352753538,0.009627942368917524
ukbb,5e-2,0.1,50,0.020546974070611852,0.003364204413937666,0.010166075944712128,0.0019569783197018378,0.006008581928829858,0.009877276352759907,0.003613069877227089,0.009535666640819795
ukbb,5e-2,0.1,100,0.023248211373339406,0.0032327425250038362,0.007265163751832468,0.004696643546250881,0.008519747845343787,0.011842915869894378,0.002225487436824705,0.010663067809800387
ukbb,5e-2,0.1,250,0.023587222602445525,0.004546987961358223,0.009548080679528125,0.005157545590306675,0.008907487239357904,0.010340228109293246,0.0029880291019537394,0.01169563018548611
ukbb,5e-2,0.1,500,0.024938618949788462,0.004295622590285865,0.00922839979855971,0.0051091162450702015,0.007292710303561089,0.010147153392914048,0.0023276608562408027,0.011929685331485071
ukbb,5e-2,0.1,1000,0.025794735250929658,0.003560789417924612,0.009601275745695782,0.005129224070793298,0.007443841489168252,0.009238213936801517,0.0025484130058445065,0.011684065710377608
ukbb,5e-2,0.2,50,0.01841325059507132,0.002187204749178059,0.0053321743271380765,0.0005877749863214363,0.006545324361404361,0.010400366381619392,0.003341395845968549,0.010845882853941016
ukbb,5e-2,0.2,100,0.021481636628052136,0.0006795167644916253,0.0055444526203259365,0.0021911994434992755,0.008980699203796004,0.01155682517243431,0.0026561627541673433,0.011948571198294466
ukbb,5e-2,0.2,250,0.02252107280138823,0.0006674994008923308,0.007344102450012116,0.0030617558191870587,0.00896809239061435,0.010612926583308863,0.0030127256633363107,0.013356848984710967
ukbb,5e-2,0.2,500,0.02373433263299745,0.0007256086434575817,0.007617416540030764,0.002261899680267793,0.008302665374463801,0.010457021219663208,0.0030842107397982747,0.01343110950019593
ukbb,5e-2,0.2,1000,0.02407396876109518,0.001299995953981666,0.007548898338491371,0.0024597993155538386,0.00826048354363182,0.010377526396816288,0.0033423748525519804,0.013579096077548255
ukbb,5e-2,0.5,50,0.018659171643487467,0.0017631335519086337,0.004076513849182732,0.0004321432516101674,0.005819251811220603,0.010345721163883218,0.003030232780703232,0.007732969450551236
ukbb,5e-2,0.5,100,0.02030398131519951,0.0020588064973748837,0.005191752240617288,0.000677547733331599,0.00602462180106355,0.01089540597527013,0.002804279100702394,0.008539226652750682
ukbb,5e-2,0.5,250,0.020560425747641914,0.001547086661693092,0.006149921137819705,0.002087376036621495,0.006330875818246497,0.010137517502173937,0.0030250981642476514,0.008292825775329835
ukbb,5e-2,0.5,500,0.021155513029974378,0.0015656602724988449,0.005785227726871051,0.0016802666526626881,0.006593740269951467,0.010248936075050829,0.00301635157885516,0.00810325054564734
ukbb,5e-2,0.5,1000,0.021110183155831633,0.0014909904029783158,0.005646506449310248,0.0017283964514683008,0.0068417010692537715,0.00994160494132716,0.002973805454095261,0.00835728287231489
ukbb,5e-1,0.001,50,0.016713783224445358,0.0028579098267941003,0.005465130992997481,0.00996567418730471,0.0030494935242848945,0.00834470120101278,0.00605337721431525,0.007529413159694471
ukbb,5e-1,0.001,100,0.020929152514330876,0.0037633849903862646,0.00399289500222514,0.002294351464485114,0.002456692231306405,0.011708358599315322,0.006795409407472242,0.0009745429919873073
ukbb,5e-1,0.001,250,0.01733013794501228,0.005558621307974614,0.00864162848575291,0.006599988721383438,0.0015433302361271605,0.007426632922294072,0.0027700945443307275,0.005376452992483968
ukbb,5e-1,0.001,500,0.023550674884909827,0.008895653800113574,0.010661315598603359,0.0015771112213259209,0.00570432854865782,0.017546461382083572,0.0014095593999557082,0.01134175267516752
ukbb,5e-1,0.001,1000,0.02752921080208904,0.012429250532993243,0.012578096186084613,0.008022090798988872,0.01314927952861453,0.01863695500326875,0.007662114821543736,0.003989610349986471
ukbb,5e-1,0.01,50,0.017553127702566677,0.0072099556166352,0.00514250877835044,0.00415878473231879,0.0029127236807760053,0.010952482233443313,0.003961074437664962,0.004635242597863405
ukbb,5e-1,0.01,100,0.01685041403079296,0.0073620276099335925,0.006540395524189009,0.007464646755193605,0.0036974292071657437,0.015223891237533465,0.0025411663153254893,0.0073984368768078845
ukbb,5e-1,0.01,250,0.020620229023053466,0.006119888152444532,0.005314029401775641,0.009334564149471295,0.004547010750743038,0.010253610346006983,0.001469411762582433,0.006509279343553184
ukbb,5e-1,0.01,500,0.017926319583284812,0.007119604247484286,0.005700039028463404,0.007582552825196547,0.002049278156856197,0.01135079763510492,0.0004548252959859629,0.010077559250965632
ukbb,5e-1,0.01,1000,0.017955940014653157,0.005203302906040607,0.006596916280493997,0.009059328379315446,0.002891015030433039,0.009418462494690017,0.00043876911638269486,0.008705410632410883
ukbb,5e-1,0.05,50,0.020432024462776824,0.009115929333679823,0.0031276910416335227,0.003975349079966008,0.005477714532590559,0.010450092339201278,0.0022974683834903155,0.008675301776005328
ukbb,5e-1,0.05,100,0.015925727003906688,0.011893832301864405,0.00346146044738504,0.006274625488683672,0.005179186248142356,0.00835400637732118,0.004620767444022723,0.011757498482673321
ukbb,5e-1,0.05,250,0.01665739451950325,0.010590626601115758,0.006703716546173485,0.006437431980068522,0.004077994334498944,0.00713715809356202,0.004538124451818189,0.01347139393379787
ukbb,5e-1,0.05,500,0.018945643900317343,0.010550042467448758,0.0040725761859502834,0.004618736297799657,0.006476299104148914,0.008313144704380103,0.005777406606339365,0.015124447726552005
ukbb,5e-1,0.05,1000,0.018334267210364356,0.010295633326122046,0.0038431852622232976,0.004958336489654072,0.0064936225552034285,0.008047807076700232,0.005148493362360863,0.016031809162037603
ukbb,5e-1,0.1,50,0.02134959695659663,0.005215782896909997,0.0026022847159968567,0.003654139241255822,0.007715653227073903,0.011604918002480738,0.0028375799209918815,0.0080754144082173
ukbb,5e-1,0.1,100,0.018529074418091283,0.009330538468428995,0.0027886728989443433,0.002196031371946821,0.00429954722175499,0.009701119802957075,0.005437704631304745,0.009353242161588084
ukbb,5e-1,0.1,250,0.020013056770549226,0.008899652493523523,0.004465027296103309,0.0019442525626649242,0.005347525677542262,0.008798496847425324,0.0051787274478167,0.009958740087944529
ukbb,5e-1,0.1,500,0.02132086213087104,0.00950205365022483,0.003272145446615266,0.0015777387754199498,0.006098064060307903,0.00829402972841309,0.005562135712840687,0.010672304401443499
ukbb,5e-1,0.1,1000,0.021335551545866152,0.00905198999157658,0.0028492969288886625,0.0016906872835581194,0.006802797107873385,0.008195504611350398,0.00542151644006836,0.010366551798753785
ukbb,5e-1,0.2,50,0.019488976148440276,0.0065673126423198315,0.0010453777816639197,0.0021542054057784306,0.008840143811013676,0.01196405761534632,0.0017174360283954146,0.007324397372019354
ukbb,5e-1,0.2,100,0.017992313906324945,0.007009471012874779,0.0010807565223422454,0.001102816524008531,0.0070631774014782425,0.010885040145226593,0.0025116503315297523,0.007585990172819956
ukbb,5e-1,0.2,250,0.021047822259586648,0.005208287167906153,0.0010658939674658406,0.0005182972898001382,0.00821030354126183,0.010855829307117518,0.002688464541902784,0.008805511344069556
ukbb,5e-1,0.2,500,0.022127844783086388,0.005860372678570747,0.0006507317706328476,0.0006560736760920275,0.009436348875928894,0.011056283466984567,0.0028713760910690856,0.008927296026584118
ukbb,5e-1,0.2,1000,0.02227012291031676,0.004940015322417253,0.00035914778651556273,0.000651937447880388,0.010128976353699538,0.011166861159113554,0.0029087071191768498,0.008318260342707167
ukbb,5e-1,0.5,50,0.017392948894969455,0.008764358861252774,0.004296557169957073,0.00287232594615957,0.004240351439878848,0.013815034016036062,0.0015849181003317048,0.006014413781674691
ukbb,5e-1,0.5,100,0.016676150694213868,0.008884227051630922,0.004157385863071258,0.0019714273127345284,0.0050241206389237784,0.013639285186297109,0.001860324530461403,0.0059276564326727135
ukbb,5e-1,0.5,250,0.017185713299193217,0.008772684899918958,0.0037972435963510203,0.0016941830094300157,0.004443848494268184,0.0136968393162589,0.0015739161397170065,0.00611761260295033
ukbb,5e-1,0.5,500,0.016849695030545703,0.008222060078861117,0.00352669743705009,0.002151572763302408,0.0047908355371387564,0.013694259705447605,0.0016361791599570333,0.005624199155117268
ukbb,5e-1,0.5,1000,0.01683387034584141,0.00785901368553397,0.003667537416784642,0.0022835084423168794,0.004791424761886617,0.013590178872474542,0.0016260923857132064,0.005698430262703527
ukbb,1,0.001,50,0.01696786273984629,0.003017208526828488,0.003939445599004393,0.00966730913160263,0.00222463770252398,0.008511302709882042,0.0072957529105428295,0.007031642378244665
ukbb,1,0.001,100,0.020594076363400958,0.00412554887377844,0.004436000206479347,0.0026655488929347875,0.0034572701999463847,0.010556889119106586,0.007201353230391833,0.001020905594697834
ukbb,1,0.001,250,0.01623572143137411,0.006742302487434921,0.01011060142583123,0.00739225001854761,0.0023984560140125604,0.006717431963258209,0.004319860869090058,0.006384260789811215
ukbb,1,0.001,500,0.023291067000933887,0.008866519715973086,0.012067793904698145,0.0016834867747755262,0.005599355494798937,0.017134750519333823,0.0023379249528874403,0.011040331133570135
ukbb,1,0.001,1000,0.02796369792423189,0.012722112953244031,0.013034379028194735,0.008448107740321708,0.013941773744014972,0.018680665390848904,0.00707882131601887,0.0039777642741825395
ukbb,1,0.01,50,0.018163122014160784,0.00832221034233984,0.0045749665717390135,0.004553904420522997,0.004253696355567908,0.01182633253427444,0.0030804116001788575,0.004263329861679299
ukbb,1,0.01,100,0.017997985469012896,0.007818830509147043,0.005921327293347059,0.007906449850329417,0.005353963763674713,0.016569707674323725,0.0028816701024704195,0.0066833217200872146
ukbb,1,0.01,250,0.021015443915050717,0.0052938637814608025,0.00502161779798226,0.010248575391471618,0.00593820347330337,0.010150435582465492,0.0008548382672000567,0.00683001300244585
ukbb,1,0.01,500,0.018703325141178454,0.007227174120767988,0.0044947131852591735,0.008119229764066638,0.0023963179905601797,0.011165580768739202,0.001195527549715224,0.00977439895334565
ukbb,1,0.01,1000,0.018637365222431906,0.005222234952825183,0.006145067521725503,0.010014333803132122,0.002687256110785304,0.009737698574312564,0.0016337111663525796,0.00861820845310361
ukbb,1,0.05,50,0.02225287648114012,0.010158162030600026,0.004757078889523813,0.0035932389502987155,0.0070668061301417265,0.011147776802144684,0.0021413294499300402,0.008508472161625279
ukbb,1,0.05,100,0.01755086432817464,0.011774257605248849,0.005437062742373559,0.00648297513404983,0.005517484211172042,0.008336262653034844,0.004409469551297896,0.011201668074728341
ukbb,1,0.05,250,0.017939920047813446,0.01071708717207969,0.005892670513194138,0.0057814074624148275,0.0038068357369741403,0.007300262475757401,0.005564291987897041,0.012210015069006864
ukbb,1,0.05,500,0.02096343330350732,0.010114219027209189,0.004090566363629692,0.0040506173421768705,0.006068650461402884,0.008678141954417748,0.006318054467288735,0.013738533986571929
ukbb,1,0.05,1000,0.02044014418520284,0.009547289843543427,0.0038951607512697764,0.004127845870746439,0.005765009811222309,0.008610704564360229,0.005651040656892981,0.014688857814652513
ukbb,1,0.1,50,0.02310075645322208,0.0051779196821141816,0.0028396110871599014,0.004174774112683612,0.00892498534060046,0.01248481558733254,0.002783230042134301,0.00814109337410361
ukbb,1,0.1,100,0.01900085883216104,0.008223951668875065,0.0037236921753039357,0.0027762600369434925,0.0059255843169461015,0.010551030751582242,0.005692184232420251,0.009986341088184629
ukbb,1,0.1,250,0.02081181699819765,0.008241784594944925,0.004451505147073471,0.0028327937492662863,0.00591796481687387,0.008194102996820536,0.005444042689528055,0.010307745575354613
ukbb,1,0.1,500,0.02277033846825148,0.00836082207003392,0.002894400623644549,0.001981381519607576,0.006217130792156455,0.007319508467666136,0.005660420045002149,0.010978331256986234
ukbb,1,0.1,1000,0.022798375478564146,0.008049065884851986,0.0026838697166555077,0.0022610842271115644,0.006619572726930117,0.00718165742707212,0.0056444120114771575,0.010448109568875999
ukbb,1,0.2,50,0.020917875674189398,0.00652275791726103,0.0007599091810715981,0.002174846648208034,0.010671897305088458,0.012121830619849245,0.001947617577952981,0.007041863770262626
ukbb,1,0.2,100,0.020088450119441468,0.006623754253486548,0.0016585887313861627,0.0015200733992219826,0.008020547859236556,0.010701104246548887,0.003732339084867642,0.007350734407154007
ukbb,1,0.2,250,0.023250671604540602,0.003956548633561006,0.0009594060809946575,0.0017569910533001718,0.008653245500796606,0.010143475733138846,0.003285848044982682,0.009151363274732491
ukbb,1,0.2,500,0.02464708838113938,0.00520680677718924,0.0007347303220828845,0.001864392849070506,0.009575749602930004,0.009944897668249018,0.0033633440484168208,0.00930998296871357
ukbb,1,0.2,1000,0.024816550643785188,0.004357607089175563,0.0006135419870359654,0.0018709573670704263,0.010040983134120024,0.010228512298281816,0.0034267696753873564,0.008754551148041878
ukbb,1,0.5,50,0.01795222645930084,0.009075312964857961,0.002934675251460762,0.0024831819068365894,0.006689479933242195,0.013117692234084821,0.0017352379851300899,0.0070284132382664065
ukbb,1,0.5,100,0.017114168713119517,0.0092153168671699,0.0023122358524003523,0.00139658962757743,0.006878507685504211,0.012271361854599589,0.0022768408851367907,0.007496896308899485
ukbb,1,0.5,250,0.018000173983948983,0.008681208389250548,0.0021915477698133926,0.0010389300986300837,0.006221743417413523,0.01246930542141989,0.0020029222909890465,0.007614063039942919
ukbb,1,0.5,500,0.017785253846048295,0.008180662429805984,0.002172620458018058,0.0014680289182466709,0.006417466921199251,0.012198802404434429,0.002076572404390259,0.007166892718191527
ukbb,1,0.5,1000,0.017859595463860352,0.007856370787856856,0.00230368110879538,0.0016437899107720005,0.006390722382652881,0.012050342584233698,0.0020733718850269585,0.007199663592315425
1kg,5e-8,0.001,50,0.00010167507833505802,0.0,0.0,0.0,0.001204458574940548,0.002595110659519615,0.0,0.007406283304896302
1kg,5e-8,0.001,100,0.00010167507833505802,0.0,0.0,0.0,0.001204458574940548,0.002595110659519615,0.0,0.007400247601263333
1kg,5e-8,0.001,250,0.00010167507833505802,0.0,0.0,0.0,0.001204458574940548,0.002595110659519615,0.0,0.007400247601263333
1kg,5e-8,0.001,500,0.00010167507833505802,0.0,0.0,0.0,0.001204458574940548,0.002595110659519615,0.0,0.007400247601263333
1kg,5e-8,0.001,1000,0.00010167507833505802,0.0,0.0,0.0,0.001204458574940548,0.002595110659519615,0.0,0.007400247601263333
1kg,5e-8,0.01,50,0.00010167507833505802,0.0,0.0,0.0,0.001204458574940548,0.002595110659519615,0.0,0.007406283304896302
1kg,5e-8,0.01,100,0.00010167507833505802,0.0,0.0,0.0,0.001204458574940548,0.002595110659519615,0.0,0.007400247601263333
1kg,5e-8,0.01,250,0.00010167507833505802,0.0,0.0,0.0,0.001204458574940548,0.002595110659519615,0.0,0.007400247601263333
1kg,5e-8,0.01,500,0.00010167507833505802,0.0,0.0,0.0,0.001204458574940548,0.002595110659519615,0.0,0.007400247601263333
1kg,5e-8,0.01,1000,0.00010167507833505802,0.0,0.0,0.0,0.001204458574940548,0.002595110659519615,0.0,0.007400247601263333
1kg,5e-8,0.05,50,0.00010167507833505802,0.0,0.0,0.0,0.001204458574940548,0.002595110659519615,0.0,0.007406283304896302
1kg,5e-8,0.05,100,0.00010167507833505802,0.0,0.0,0.0,0.001204458574940548,0.002595110659519615,0.0,0.007400247601263333
1kg,5e-8,0.05,250,0.00010167507833505802,0.0,0.0,0.0,0.001204458574940548,0.002595110659519615,0.0,0.007400247601263333
1kg,5e-8,0.05,500,0.00010167507833505802,0.0,0.0,0.0,0.001204458574940548,0.002595110659519615,0.0,0.007400247601263333
1kg,5e-8,0.05,1000,0.00010167507833505802,0.0,0.0,0.0,0.001204458574940548,0.002595110659519615,0.0,0.007400247601263333
1kg,5e-8,0.1,50,0.00010167507833505802,0.0,0.0,0.0,0.001204458574940548,0.002595110659519615,0.0,0.007406283304896302
1kg,5e-8,0.1,100,0.00010167507833505802,0.0,0.0,0.0,0.001204458574940548,0.002595110659519615,0.0,0.007400247601263333
1kg,5e-8,0.1,250,0.00010167507833505802,0.0,0.0,0.0,0.001204458574940548,0.002595110659519615,0.0,0.007400247601263333
1kg,5e-8,0.1,500,0.00010167507833505802,0.0,0.0,0.0,0.001204458574940548,0.002595110659519615,0.0,0.007400247601263333
1kg,5e-8,0.1,1000,0.00010167507833505802,0.0,0.0,0.0,0.001204458574940548,0.002595110659519615,0.0,0.007400247601263333
1kg,5e-8,0.2,50,0.00010167507833505802,0.0,0.0,0.0,0.0002952634942296036,0.002595110659519615,0.0,0.007406283304896302
1kg,5e-8,0.2,100,0.00010167507833505802,0.0,0.0,0.0,0.0002952634942296036,0.002595110659519615,0.0,0.007400247601263333
1kg,5e-8,0.2,250,0.00010167507833505802,0.0,0.0,0.0,0.0002952634942296036,0.002595110659519615,0.0,0.007400247601263333
1kg,5e-8,0.2,500,0.00010167507833505802,0.0,0.0,0.0,0.0002952634942296036,0.002595110659519615,0.0,0.007400247601263333
1kg,5e-8,0.2,1000,0.00010167507833505802,0.0,0.0,0.0,0.0002952634942296036,0.002595110659519615,0.0,0.007400247601263333
1kg,5e-8,0.5,50,0.00010167507833505802,0.0,0.0,0.0,0.0011791122474232745,0.002595110659519615,0.0,0.007367466478783678
1kg,5e-8,0.5,100,0.00010167507833505802,0.0,0.0,0.0,0.0011791122474232745,0.002595110659519615,0.0,0.008262965205391866
1kg,5e-8,0.5,250,0.00010167507833505802,0.0,0.0,0.0,0.0011791122474232745,0.002595110659519615,0.0,0.008262965205391866
1kg,5e-8,0.5,500,0.00010167507833505802,0.0,0.0,0.0,0.0011791122474232745,0.002595110659519615,0.0,0.008262965205391866
1kg,5e-8,0.5,1000,0.00010167507833505802,0.0,0.0,0.0,0.0011791122474232745,0.002595110659519615,0.0,0.008262965205391866
1kg,5e-7,0.001,50,0.000434673314458144,0.0007779799597996455,0.0,0.0002985798976395319,0.002804556832415615,0.003021496422067002,0.0,0.00656013361162051
1kg,5e-7,0.001,100,0.0004301656637146979,0.0007779799597996455,0.0,0.0002985798976395319,0.002804556832415615,0.003021496422067002,0.0,0.007001455364446908
1kg,5e-7,0.001,250,0.0004301656637146979,0.0007779799597996455,0.0,0.0002985798976395319,0.002804556832415615,0.003021496422067002,0.0,0.006582988559201301
1kg,5e-7,0.001,500,0.0004301656637146979,0.0007779799597996455,0.0,0.0002985798976395319,0.002804556832415615,0.003021496422067002,0.0,0.006582988559201301
1kg,5e-7,0.001,1000,0.0004301656637146979,0.0007779799597996455,0.0,0.0002985798976395319,0.002804556832415615,0.003021496422067002,0.0,0.006582988559201301
1kg,5e-7,0.01,50,0.000434673314458144,0.0007779799597996455,0.0,0.0002985798976395319,0.002804556832415615,0.003021496422067002,0.0,0.00656013361162051
1kg,5e-7,0.01,100,0.0004301656637146979,0.0007779799597996455,0.0,0.0002985798976395319,0.002804556832415615,0.003021496422067002,0.0,0.007001455364446908
1kg,5e-7,0.01,250,0.0004301656637146979,0.0007779799597996455,0.0,0.0002985798976395319,0.002804556832415615,0.003021496422067002,0.0,0.006582988559201301
1kg,5e-7,0.01,500,0.0004301656637146979,0.0007779799597996455,0.0,0.0002985798976395319,0.002804556832415615,0.003021496422067002,0.0,0.006582988559201301
1kg,5e-7,0.01,1000,0.0004301656637146979,0.0007779799597996455,0.0,0.0002985798976395319,0.002804556832415615,0.003021496422067002,0.0,0.006582988559201301
1kg,5e-7,0.05,50,0.000434673314458144,0.0007779799597996455,0.0,0.0002985798976395319,0.002804556832415615,0.003021496422067002,0.0,0.00656013361162051
1kg,5e-7,0.05,100,0.0004301656637146979,0.0007779799597996455,0.0,0.0002985798976395319,0.002804556832415615,0.003021496422067002,0.0,0.007001455364446908
1kg,5e-7,0.05,250,0.0004301656637146979,0.0007779799597996455,0.0,0.0002985798976395319,0.002804556832415615,0.003021496422067002,0.0,0.006582988559201301
1kg,5e-7,0.05,500,0.0004301656637146979,0.0007779799597996455,0.0,0.0002985798976395319,0.002804556832415615,0.003021496422067002,0.0,0.006582988559201301
1kg,5e-7,0.05,1000,0.0004301656637146979,0.0007779799597996455,0.0,0.0002985798976395319,0.002804556832415615,0.003021496422067002,0.0,0.006582988559201301
1kg,5e-7,0.1,50,0.000434673314458144,0.0007779799597996455,0.0,0.0002985798976395319,0.002804556832415615,0.003021496422067002,0.0,0.00656013361162051
1kg,5e-7,0.1,100,0.0004301656637146979,0.0007779799597996455,0.0,0.0002985798976395319,0.002804556832415615,0.003021496422067002,0.0,0.007001455364446908
1kg,5e-7,0.1,250,0.0004301656637146979,0.0007779799597996455,0.0,0.0002985798976395319,0.002804556832415615,0.003021496422067002,0.0,0.006582988559201301
1kg,5e-7,0.1,500,0.0004301656637146979,0.0007779799597996455,0.0,0.0002985798976395319,0.002804556832415615,0.003021496422067002,0.0,0.006582988559201301
1kg,5e-7,0.1,1000,0.0004301656637146979,0.0007779799597996455,0.0,0.0002985798976395319,0.002804556832415615,0.003021496422067002,0.0,0.006582988559201301
1kg,5e-7,0.2,50,0.000434673314458144,0.0007779799597996455,0.0,0.0002985798976395319,0.002377899284325065,0.003021496422067002,0.0,0.00656013361162051
1kg,5e-7,0.2,100,0.0004301656637146979,0.0007779799597996455,0.0,0.0002985798976395319,0.002377899284325065,0.003021496422067002,0.0,0.007001455364446908
1kg,5e-7,0.2,250,0.0004301656637146979,0.0007779799597996455,0.0,0.0002985798976395319,0.002377899284325065,0.003021496422067002,0.0,0.006582988559201301
1kg,5e-7,0.2,500,0.0004301656637146979,0.0007779799597996455,0.0,0.0002985798976395319,0.002377899284325065,0.003021496422067002,0.0,0.006582988559201301
1kg,5e-7,0.2,1000,0.0004301656637146979,0.0007779799597996455,0.0,0.0002985798976395319,0.002377899284325065,0.003021496422067002,0.0,0.006582988559201301
1kg,5e-7,0.5,50,0.000434673314458144,0.0007779799597996455,0.0,0.0002985798976395319,0.0037717791587793953,0.003021496422067002,0.0,0.006574618616563665
1kg,5e-7,0.5,100,0.0004301656637146979,0.0007779799597996455,0.0,0.0002985798976395319,0.0037717791587793953,0.003021496422067002,0.0,0.007722999500179393
1kg,5e-7,0.5,250,0.0004301656637146979,0.0007779799597996455,0.0,0.0002985798976395319,0.0037717791587793953,0.003021496422067002,0.0,0.007722999500179393
1kg,5e-7,0.5,500,0.0004301656637146979,0.0007779799597996455,0.0,0.0002985798976395319,0.0037717791587793953,0.003021496422067002,0.0,0.007722999500179393
1kg,5e-7,0.5,1000,0.0004301656637146979,0.0007779799597996455,0.0,0.0002985798976395319,0.0037717791587793953,0.003021496422067002,0.0,0.007722999500179393
1kg,5e-6,0.001,50,0.0016666702338833071,0.0033056591639761914,0.0015250212624981887,0.0007233865994509623,0.002122466697025726,0.002505873507046952,0.0020131154549487655,0.018939379522681453
1kg,5e-6,0.001,100,0.0016277139822849752,0.0037199481152200664,0.0015250212624981887,0.0007233865994509623,0.002122466697025726,0.002421462141546771,0.0020131154549487655,0.02025886926560051
1kg,5e-6,0.001,250,0.0016277139822849752,0.004258752336401116,0.0015250212624981887,0.0007233865994509623,0.002122466697025726,0.0024185922492989476,0.0020131154549487655,0.019967839058932756
1kg,5e-6,0.001,500,0.0016277139822849752,0.004258752336401116,0.0015250212624981887,0.0007233865994509623,0.002122466697025726,0.0024185922492989476,0.0020131154549487655,0.019967839058932756
1kg,5e-6,0.001,1000,0.0016277139822849752,0.004258752336401116,0.0015250212624981887,0.0007233865994509623,0.002122466697025726,0.0024185922492989476,0.0020131154549487655,0.019967839058932756
1kg,5e-6,0.01,50,0.0016666702338833071,0.0033056591639761914,0.0015250212624981887,0.0007233865994509623,0.002122466697025726,0.002505873507046952,0.0020131154549487655,0.018939379522681453
1kg,5e-6,0.01,100,0.0016277139822849752,0.0037199481152200664,0.0015250212624981887,0.0007233865994509623,0.002122466697025726,0.002421462141546771,0.0020131154549487655,0.02025886926560051
1kg,5e-6,0.01,250,0.0016277139822849752,0.004258752336401116,0.0015250212624981887,0.0007233865994509623,0.002122466697025726,0.0024185922492989476,0.0020131154549487655,0.019967839058932756
1kg,5e-6,0.01,500,0.0016277139822849752,0.004258752336401116,0.0015250212624981887,0.0007233865994509623,0.002122466697025726,0.0024185922492989476,0.0020131154549487655,0.019967839058932756
1kg,5e-6,0.01,1000,0.0016277139822849752,0.004258752336401116,0.0015250212624981887,0.0007233865994509623,0.002122466697025726,0.0024185922492989476,0.0020131154549487655,0.019967839058932756
1kg,5e-6,0.05,50,0.0016666702338833071,0.0033056591639761914,0.0015250212624981887,0.0007233865994509623,0.002122466697025726,0.002505873507046952,0.0020131154549487655,0.018939379522681453
1kg,5e-6,0.05,100,0.0016277139822849752,0.0037199481152200664,0.0015250212624981887,0.0007233865994509623,0.002122466697025726,0.002421462141546771,0.0020131154549487655,0.02025886926560051
1kg,5e-6,0.05,250,0.0016277139822849752,0.004258752336401116,0.0015250212624981887,0.0007233865994509623,0.002122466697025726,0.0024185922492989476,0.0020131154549487655,0.019967839058932756
1kg,5e-6,0.05,500,0.0016277139822849752,0.004258752336401116,0.0015250212624981887,0.0007233865994509623,0.002122466697025726,0.0024185922492989476,0.0020131154549487655,0.019967839058932756
1kg,5e-6,0.05,1000,0.0016277139822849752,0.004258752336401116,0.0015250212624981887,0.0007233865994509623,0.002122466697025726,0.0024185922492989476,0.0020131154549487655,0.019967839058932756
1kg,5e-6,0.1,50,0.0016666702338833071,0.0033056591639761914,0.0015250212624981887,0.0007233865994509623,0.002122466697025726,0.002505873507046952,0.0020131154549487655,0.018939379522681453
1kg,5e-6,0.1,100,0.0016277139822849752,0.0037199481152200664,0.0015250212624981887,0.0007233865994509623,0.002122466697025726,0.002421462141546771,0.0020131154549487655,0.02025886926560051
1kg,5e-6,0.1,250,0.0016277139822849752,0.004258752336401116,0.0015250212624981887,0.0007233865994509623,0.002122466697025726,0.0024185922492989476,0.0020131154549487655,0.019967839058932756
1kg,5e-6,0.1,500,0.0016277139822849752,0.004258752336401116,0.0015250212624981887,0.0007233865994509623,0.002122466697025726,0.0024185922492989476,0.0020131154549487655,0.019967839058932756
1kg,5e-6,0.1,1000,0.0016277139822849752,0.004258752336401116,0.0015250212624981887,0.0007233865994509623,0.002122466697025726,0.0024185922492989476,0.0020131154549487655,0.019967839058932756
1kg,5e-6,0.2,50,0.0016666702338833071,0.0033056591639761914,0.0015250212624981887,0.0007233865994509623,0.0032221254418887163,0.002505873507046952,0.0020131154549487655,0.018939379522681453
1kg,5e-6,0.2,100,0.0016277139822849752,0.0037199481152200664,0.0015250212624981887,0.0007233865994509623,0.0032221254418887163,0.002421462141546771,0.0020131154549487655,0.02025886926560051
1kg,5e-6,0.2,250,0.0016277139822849752,0.004258752336401116,0.0015250212624981887,0.0007233865994509623,0.0032221254418887163,0.0024185922492989476,0.0020131154549487655,0.019967839058932756
1kg,5e-6,0.2,500,0.0016277139822849752,0.004258752336401116,0.0015250212624981887,0.0007233865994509623,0.0032221254418887163,0.0024185922492989476,0.0020131154549487655,0.019967839058932756
1kg,5e-6,0.2,1000,0.0016277139822849752,0.004258752336401116,0.0015250212624981887,0.0007233865994509623,0.0032221254418887163,0.0024185922492989476,0.0020131154549487655,0.019967839058932756
1kg,5e-6,0.5,50,0.0016666702338833071,0.0028211768668432178,0.0015250212624981887,0.0007233865994509623,0.006108600301028246,0.002384881613493205,0.0020131154549487655,0.018885586904262043
1kg,5e-6,0.5,100,0.0016277139822849752,0.0032503848564615543,0.0015250212624981887,0.0007233865994509623,0.006108600301028246,0.0022936850185690996,0.0020131154549487655,0.02095567490985719
1kg,5e-6,0.5,250,0.0016277139822849752,0.0037856417383942,0.0015250212624981887,0.0007233865994509623,0.006108600301028246,0.0022879688464459563,0.0020131154549487655,0.02095567490985719
1kg,5e-6,0.5,500,0.0016277139822849752,0.0037856417383942,0.0015250212624981887,0.0007233865994509623,0.006108600301028246,0.0022879688464459563,0.0020131154549487655,0.02095567490985719
1kg,5e-6,0.5,1000,0.0016277139822849752,0.0037856417383942,0.0015250212624981887,0.0007233865994509623,0.006108600301028246,0.0022879688464459563,0.0020131154549487655,0.02095567490985719
1kg,5e-5,0.001,50,0.004867819505793718,0.01348474951245396,0.0024071754598559477,0.004253648775770224,0.0008735760969161919,0.01280917674509679,0.006701956824253574,0.010334400154920629
1kg,5e-5,0.001,100,0.005697968615980121,0.013880011668490181,0.0024118394537145722,0.004461959380093765,0.0008735760969161919,0.012749508732931332,0.006701956824253574,0.009045521286501334
1kg,5e-5,0.001,250,0.005479373400220376,0.014305028238650088,0.0024118394537145722,0.004461959380093765,0.0008735760969161919,0.012641003045168643,0.006701956824253574,0.008321740433231166
1kg,5e-5,0.001,500,0.0053071419215142725,0.013155724143594805,0.0024118394537145722,0.004461959380093765,0.0008735760969161919,0.012641003045168643,0.006701956824253574,0.006297702547374955
1kg,5e-5,0.001,1000,0.005394540227102043,0.012673353890260258,0.0024118394537145722,0.004461959380093765,0.0008735760969161919,0.012641003045168643,0.006701956824253574,0.006297702547374955
1kg,5e-5,0.01,50,0.004867819505793718,0.01348474951245396,0.0024071754598559477,0.004253648775770224,0.0008735760969161919,0.01280917674509679,0.006701956824253574,0.010334400154920629
1kg,5e-5,0.01,100,0.005697968615980121,0.013880011668490181,0.0024118394537145722,0.004461959380093765,0.0008735760969161919,0.012749508732931332,0.006701956824253574,0.009045521286501334
1kg,5e-5,0.01,250,0.005479373400220376,0.014305028238650088,0.0024118394537145722,0.004461959380093765,0.0008735760969161919,0.012641003045168643,0.006701956824253574,0.008322282750297885
1kg,5e-5,0.01,500,0.005479373400220376,0.013155724143594805,0.0024118394537145722,0.004461959380093765,0.0008735760969161919,0.012641003045168643,0.006701956824253574,0.006303073679444905
1kg,5e-5,0.01,1000,0.005697614567682223,0.012673353890260258,0.0024118394537145722,0.004461959380093765,0.0008735760969161919,0.012641003045168643,0.006701956824253574,0.006303073679444905
1kg,5e-5,0.05,50,0.0049292027113733445,0.01348474951245396,0.0024071754598559477,0.004253648775770224,0.0008735760969161919,0.01280917674509679,0.006701956824253574,0.010334400154920629
1kg,5e-5,0.05,100,0.0057389760281921255,0.013880011668490181,0.0024118394537145722,0.004461959380093765,0.0008735760969161919,0.012749508732931332,0.006701956824253574,0.009045521286501334
1kg,5e-5,0.05,250,0.005324772613384135,0.014305028238650088,0.0024118394537145722,0.004461959380093765,0.0008735760969161919,0.012641003045168643,0.006701956824253574,0.008322282750297885
1kg,5e-5,0.05,500,0.005324772613384135,0.013155724143594805,0.0024118394537145722,0.004461959380093765,0.0008735760969161919,0.012641003045168643,0.006701956824253574,0.006364761435231797
1kg,5e-5,0.05,1000,0.005324772613384135,0.012673353890260258,0.0024118394537145722,0.004461959380093765,0.0008735760969161919,0.012641003045168643,0.006701956824253574,0.006364761435231797
1kg,5e-5,0.1,50,0.0049292027113733445,0.01348474951245396,0.0024071754598559477,0.004253648775770224,0.0008735760969161919,0.01280917674509679,0.006701956824253574,0.011425314612200987
1kg,5e-5,0.1,100,0.0057389760281921255,0.013880011668490181,0.0024118394537145722,0.004461959380093765,0.0008735760969161919,0.012749508732931332,0.006701956824253574,0.010588276419153995
1kg,5e-5,0.1,250,0.005324772613384135,0.01413816233038022,0.0024118394537145722,0.004461959380093765,0.0008735760969161919,0.012641003045168643,0.006701956824253574,0.009981133072896844
1kg,5e-5,0.1,500,0.005324772613384135,0.012983056212166739,0.0024118394537145722,0.004461959380093765,0.0008735760969161919,0.012641003045168643,0.006701956824253574,0.008106531691401771
1kg,5e-5,0.1,1000,0.005324772613384135,0.012500180273208981,0.0024118394537145722,0.004461959380093765,0.0008735760969161919,0.012641003045168643,0.006701956824253574,0.008106531691401771
1kg,5e-5,0.2,50,0.004843099986064315,0.01348474951245396,0.0024071754598559477,0.0043494510112982885,0.004647735915611588,0.01280917674509679,0.006701956824253574,0.012433971821654177
1kg,5e-5,0.2,100,0.005685584955714043,0.013880011668490181,0.0024118394537145722,0.004545769671208697,0.004647735915611588,0.012749508732931332,0.006701956824253574,0.012315452567825477
1kg,5e-5,0.2,250,0.005214465146181292,0.014468256810063194,0.0024118394537145722,0.004545769671208697,0.004647735915611588,0.012641003045168643,0.006701956824253574,0.011911260401744088
1kg,5e-5,0.2,500,0.005214465146181292,0.0139654473940538,0.0024118394537145722,0.004545769671208697,0.004647735915611588,0.012641003045168643,0.006701956824253574,0.010311392313795091
1kg,5e-5,0.2,1000,0.005214465146181292,0.01348528147947199,0.0024118394537145722,0.004545769671208697,0.004647735915611588,0.012641003045168643,0.006701956824253574,0.010311392313795091
1kg,5e-5,0.5,50,0.004473062157218194,0.014336233033595493,0.0024071754598559477,0.004318683958136726,0.007899995382818244,0.012991845001918583,0.006701956824253574,0.013635127092819686
1kg,5e-5,0.5,100,0.005078644365757451,0.015186627770369087,0.0024118394537145722,0.004517931745583811,0.007899995382818244,0.012998204009124959,0.006701956824253574,0.014704623220925844
1kg,5e-5,0.5,250,0.004807440425018252,0.015209567136708898,0.0024118394537145722,0.004517931745583811,0.007899995382818244,0.01292440064873831,0.006701956824253574,0.01469583027219674
1kg,5e-5,0.5,500,0.004807440425018252,0.015166614652466432,0.0024118394537145722,0.004517931745583811,0.007899995382818244,0.01292440064873831,0.006701956824253574,0.012975973728990007
1kg,5e-5,0.5,1000,0.004807440425018252,0.014719053520741564,0.0024118394537145722,0.004517931745583811,0.007899995382818244,0.01292440064873831,0.006701956824253574,0.012975973728990007
1kg,5e-4,0.001,50,0.004848726282240603,0.00387716169724611,0.00982789230360524,0.006251993745375353,0.004898286960281838,0.0042798919122301726,0.004672236281110181,0.00827957996562013
1kg,5e-4,0.001,100,0.005115766178759878,0.0027866489502074267,0.008069839242173462,0.005514800872076053,0.0067997514559076325,0.003923228302067551,0.004339459181650291,0.008098093237576267
1kg,5e-4,0.001,250,0.00679884649325716,0.0019954106471540916,0.00886365057572512,0.0061931226281536555,0.007166761300366956,0.005005431552809142,0.003873591715607145,0.008100855621957432
1kg,5e-4,0.001,500,0.008642832950297556,0.0012252058846527988,0.009259402930765517,0.006014056510658811,0.006879067342062942,0.005790687030128927,0.0036418381499373313,0.01015326197758164
1kg,5e-4,0.001,1000,0.009512826278919853,0.0028905170894842364,0.009142628157211173,0.0059596503732087395,0.007842203220001728,0.00376625532543258,0.006757940391107058,0.0089125990440277
1kg,5e-4,0.01,50,0.004798855114201457,0.0038885901365236382,0.010064727199964268,0.006206868246566731,0.004898286960281838,0.004306138966148506,0.004659265868972637,0.008284504371992792
1kg,5e-4,0.01,100,0.004368085520544035,0.00270845516101545,0.008274862605848183,0.005543083926406319,0.0067997514559076325,0.00397190725076084,0.00434256248353515,0.00792919117602486
1kg,5e-4,0.01,250,0.00612543072483964,0.002502690979812698,0.00912241282097156,0.005725524429088109,0.0071289398054832235,0.005042330211497604,0.0035839170155535045,0.007972364591543173
1kg,5e-4,0.01,500,0.0079651940001874,0.0020963391371449347,0.009562837749922462,0.0048792488532408565,0.007125058038477049,0.004517716211212054,0.003636307288137758,0.008398384037428916
1kg,5e-4,0.01,1000,0.006647323348840938,0.0030842148088575817,0.009381327672067133,0.005064225279354925,0.007125058038477049,0.0035057655693514337,0.0029471107534404534,0.007571767235097612
1kg,5e-4,0.05,50,0.005321679943672231,0.003713463490146809,0.010020404469403587,0.006387612733110413,0.005011388899141671,0.004315022193859098,0.0041286515247114675,0.006848412779415781
1kg,5e-4,0.05,100,0.00412140234289284,0.0027032522162042548,0.008205824423631396,0.005911462438728862,0.006659994660995198,0.003935292410298575,0.0037564237459339136,0.005722181385514855
1kg,5e-4,0.05,250,0.005790256058467006,0.00281315079490895,0.008791817134237516,0.00602629641692071,0.006845293171300184,0.004675749442836041,0.0033243005869607457,0.0062033088621609
1kg,5e-4,0.05,500,0.007653170901094704,0.0028455626572436643,0.00934988332876587,0.005221985749537178,0.006845293171300184,0.004446146386381879,0.003381889307149464,0.006238059945317884
1kg,5e-4,0.05,1000,0.007229720092183503,0.003862591308800829,0.00934988332876587,0.005221985749537178,0.006845293171300184,0.004004349105642785,0.003381889307149464,0.0060752727758833286
1kg,5e-4,0.1,50,0.005230638571803306,0.001026006799482857,0.010328228010613363,0.006387612733110413,0.005949223741248241,0.004704203330499492,0.004318709431689213,0.0060256980833639645
1kg,5e-4,0.1,100,0.004974299129648307,0.003733614714000841,0.008357685899617068,0.005984946742813389,0.007656848286099151,0.004561495501972012,0.004121779412020557,0.0051850890618444015
1kg,5e-4,0.1,250,0.006452994399915608,0.002716908802681413,0.008941349118921523,0.005872887137738777,0.007876445060176308,0.005283058454112387,0.0036485186211680084,0.005786591623309188
1kg,5e-4,0.1,500,0.007981782730979738,0.0026947014060509024,0.009452543450613225,0.005290021361474999,0.007876445060176308,0.005101224299768846,0.00371721521614546,0.0048641292224093
1kg,5e-4,0.1,1000,0.007455804285836179,0.0019044925133719851,0.009452543450613225,0.005290021361474999,0.007876445060176308,0.004574224598756147,0.00371721521614546,0.004691183154833525
1kg,5e-4,0.2,50,0.00555170396490828,0.0019979873280051774,0.010652439759104343,0.006221569165991665,0.00797335038702112,0.005874787092423768,0.0040887384624698495,0.0076673241969004245
1kg,5e-4,0.2,100,0.005624032257037396,0.0033738248332472573,0.009555184778415406,0.005834666913587906,0.009021388671810062,0.006153192687322189,0.00420079053896281,0.006695836492245359
1kg,5e-4,0.2,250,0.007062616610002849,0.0030226168683744263,0.009811296962470581,0.0064053394032240266,0.00928210826787603,0.007037707136217818,0.003709299154526003,0.007173355479415821
1kg,5e-4,0.2,500,0.008665024742134684,0.0032851445831334814,0.010214596379190475,0.00588796451225429,0.00928210826787603,0.0069662628276279705,0.003783838962944922,0.007393184569174665
1kg,5e-4,0.2,1000,0.00849049148952677,0.0024354784245868458,0.010214596379190475,0.00588796451225429,0.00928210826787603,0.006968887322667572,0.003783838962944922,0.007303605853002386
1kg,5e-4,0.5,50,0.006499492873604712,0.0011100731049769864,0.010468102201232895,0.007485457887521388,0.012644130073888576,0.005060319725657447,0.003919165403857838,0.005925747734329848
1kg,5e-4,0.5,100,0.005993783605666272,0.002140076657501834,0.009242014965373935,0.007359534596193254,0.013300097070816471,0.004880597074530454,0.003987098857535306,0.004581279713929488
1kg,5e-4,0.5,250,0.007692618481898294,0.000983523459325522,0.008860100779344493,0.00806965035946445,0.01330097868567887,0.0046292641775035745,0.00355944774823783,0.005157071314355582
1kg,5e-4,0.5,500,0.009221604794087476,0.0008020286968997743,0.00915826177141594,0.007283190170741025,0.01330097868567887,0.00474082676592514,0.00355944774823783,0.005163054808143483
1kg,5e-4,0.5,1000,0.009018010742115,0.0008371798153956237,0.00915826177141594,0.007283190170741025,0.01330097868567887,0.00474082676592514,0.00355944774823783,0.005002844822049239
1kg,5e-3,0.001,50,0.005132799001141136,0.0039710407148863276,0.0020335984552350096,0.007679224045364274,0.005397940713766578,0.007571754610596359,0.002991013054819591,0.0034154472032897607
1kg,5e-3,0.001,100,0.00973251473794696,0.006392346296118345,0.0021127097732063483,0.00927299303897582,0.0067390915886473965,0.006454899522964587,0.0024237146426295984,0.002275888558600867
1kg,5e-3,0.001,250,0.013041127479334265,0.005270274959708292,0.00021636088281435119,0.00965054502203267,0.005165397650231896,0.00543937834764834,0.003976182355341735,0.00521980402875119
1kg,5e-3,0.001,500,0.01396367533156827,0.003595099915311477,0.001606246027674141,0.010788645861640028,0.009981204671264888,0.005352706175835093,0.006596779982991207,0.005016985943992303
1kg,5e-3,0.001,1000,0.015502869448869395,0.0022670915278512308,0.001592142657470631,0.011949485167264778,0.005097046242798896,0.0071218574195108025,0.0015229061421075422,0.0034665186406861222
1kg,5e-3,0.01,50,0.004528391620688475,0.004436998789283493,0.0010787462997152435,0.00902946009957932,0.004868721062604748,0.008723198646708343,0.0027778589083892855,0.0025867350075607642
1kg,5e-3,0.01,100,0.006725159993880432,0.006978664055936714,0.0023893355909376107,0.010394374628581985,0.005052347893090227,0.009395405424813824,0.0016301469898123166,0.0017691529269078256
1kg,5e-3,0.01,250,0.005614849755605023,0.0054402061546152914,0.0028862154098778466,0.010915094328553416,0.00562857902800933,0.00949987393998882,0.002097647223335853,0.0031558270247553323
1kg,5e-3,0.01,500,0.007544272573647201,0.0048416493421350165,0.0028054088856505574,0.011486194673174391,0.0063123619818372554,0.010165970335729222,0.0013113251390318922,0.004537732179920708
1kg,5e-3,0.01,1000,0.007060731879795564,0.0033635467312861747,0.0036002697647537023,0.012356705165083175,0.0046258371221253695,0.010607946100846146,0.0007057155384586311,0.004632831695369328
1kg,5e-3,0.05,50,0.004776247653815532,0.0026564181787561672,0.0015794280830222123,0.009127208114443244,0.005043163889346747,0.0093940749245777,0.0028957369669394117,0.003950442742486439
1kg,5e-3,0.05,100,0.006731161114975083,0.005064184197175218,0.0009929658594739388,0.010280660684689212,0.004806281444579211,0.010534883353707638,0.0007912262706047869,0.0047909210300632115
1kg,5e-3,0.05,250,0.00867694424259025,0.003684842023585483,0.0014534366537834948,0.011288559351504196,0.005819563706318693,0.011886767765255036,0.0007660021296801692,0.004833252577075177
1kg,5e-3,0.05,500,0.009448349369463002,0.0028296012647621286,0.0008111183291069295,0.010890757471806727,0.006104086159380411,0.011752700888912011,0.0009266494757154569,0.004667004161233593
1kg,5e-3,0.05,1000,0.010760969406351038,0.0015987944998806297,0.0007059320270564669,0.011286251253798004,0.005914313417993944,0.012143002445672063,0.0010490122367594408,0.0052274862639363545
1kg,5e-3,0.1,50,0.005425845350504915,0.003352312863753821,0.00011410747631471862,0.008876060150514642,0.004634330871645586,0.00892200956109561,0.002116130409181305,0.005114267069079242
1kg,5e-3,0.1,100,0.007329985763274837,0.005517428670523919,0.0009476933839103244,0.010545331421067982,0.004923356826810502,0.009797774064934083,0.0006450908857316305,0.004793707507976566
1kg,5e-3,0.1,250,0.008898446804171711,0.00563619537074445,0.00040052879795063383,0.011510279372325499,0.006079143101917585,0.010831065592558394,0.0011152466280577283,0.004276629960035691
1kg,5e-3,0.1,500,0.010007147998070034,0.004716749721618986,0.0003198386916513364,0.011195997994967044,0.006580584305190684,0.010822486729775656,0.0012308540167470816,0.004128650665309016
1kg,5e-3,0.1,1000,0.011860771585513174,0.003828893957210541,0.00044365829193343515,0.011568084189382936,0.006591043305973259,0.01075734063384159,0.0013873813586737132,0.004381072794263456
1kg,5e-3,0.2,50,0.006918132024341227,0.004124682959786903,0.0008439595899907275,0.0083239848209398,0.004895343463634576,0.007905935480480084,0.001638235483821396,0.004325712029321757
1kg,5e-3,0.2,100,0.009028510035768308,0.0065812909780687875,0.002374561534590746,0.008902773640345325,0.006135886405901495,0.009210424456151757,0.0003186630553158486,0.004600310223299037
1kg,5e-3,0.2,250,0.009159080165863143,0.006699743963965436,0.0012615451626020507,0.010074009210215371,0.006823772626168977,0.009998261587045013,0.0006390930606575574,0.004156820881124233
1kg,5e-3,0.2,500,0.010080169755763223,0.005631123077426171,0.0011755954375337278,0.010390617822395861,0.0071457171670336215,0.01035049988391136,0.000753711882008158,0.004142189398114483
1kg,5e-3,0.2,1000,0.011119344904357781,0.004568868472624575,0.001278975920624024,0.010661715203298566,0.007149479833512676,0.01041776043777029,0.0008393596099871061,0.004351929417695051
1kg,5e-3,0.5,50,0.010895406781006166,0.0030187989820874314,0.0011264435181894288,0.009587011522470315,0.004653769199239438,0.0077885797631235985,0.0014644820909636934,0.003717765580323125
1kg,5e-3,0.5,100,0.0140712024398954,0.003867740487072849,0.0021593737964567122,0.008318030700132924,0.004710718042896136,0.008017988134742488,0.000987692429263802,0.0038521033084223328
1kg,5e-3,0.5,250,0.014687376061374918,0.003802327953045305,0.001985430011378205,0.009875265868915692,0.004502874282220857,0.008572981815784518,0.0014381850470097008,0.004112613324639993
1kg,5e-3,0.5,500,0.015880185463231913,0.0025987508365349797,0.002078658762356871,0.009937440057011988,0.004506075174583142,0.008819284054894048,0.0015699075801864088,0.00437513312225075
1kg,5e-3,0.5,1000,0.016384819998186334,0.002113351215085516,0.002078658762356871,0.00994046503759655,0.004502978653667967,0.00880822598525938,0.0015699075801864088,0.004550416741672696
1kg,5e-2,0.001,50,0.01853422117761169,0.0031171497394033624,0.0011031579813173984,0.0042628868338376626,0.006020125228727956,0.010922366242386374,0.00494190460953364,0.0010824426498208131
1kg,5e-2,0.001,100,0.01805783148732154,0.005695684729830007,0.0021218886136782004,0.0064153841442629285,0.00710034213911967,0.012893872560517654,0.005594316049029314,0.0032494182601694958
1kg,5e-2,0.001,250,0.014956942831782467,0.005158665061848361,0.003219782062626703,0.005312949890722537,0.0038236572780738338,0.007835698219914748,0.003919782364652461,0.0007641732038049487
1kg,5e-2,0.001,500,0.013818679821316394,0.013565657569617553,0.0023406790654104076,0.002206514275515755,0.007170603635224109,0.008314447087670087,0.0030697115342628793,0.003471846055418588
1kg,5e-2,0.001,1000,0.011924020272207977,0.008153290405073,0.003005086518029884,0.016011596851812138,0.0024986583335548365,0.010442191020578038,0.005328326298854478,0.006580774705493558
1kg,5e-2,0.01,50,0.016663777964988746,0.0036042316129413026,0.004269267012329386,0.0021829898198477272,0.005445428036356333,0.013129159653965536,0.004865445557104098,0.005808900968386751
1kg,5e-2,0.01,100,0.019350808550952586,0.005936649445092864,0.0023129186370993123,0.005700830127748959,0.006766657310777417,0.014814256877391494,0.002761831757060656,0.005286382642384829
1kg,5e-2,0.01,250,0.017804001369547708,0.012762664398906762,0.003944416255197767,0.0035754636846364106,0.0052556341331798815,0.013971429655341651,0.0005906939061180669,0.006606671628764807
1kg,5e-2,0.01,500,0.016804271350490372,0.011423873321742476,0.0044938554482238015,0.0007253162744356325,0.003191936952859817,0.011954668218945684,0.001444104644052002,0.008143601794048577
1kg,5e-2,0.01,1000,0.02017971088313092,0.006235652342299689,0.005506213857703679,0.002429841958172995,0.005050902463654803,0.0064577660675408065,0.0029048650641193643,0.007269519164858911
1kg,5e-2,0.05,50,0.018095226855225542,0.0007259773180479512,0.007433993710127396,0.0034076958877990123,0.004518452859367386,0.01208176597197156,0.0037304288932734266,0.00866747893016441
1kg,5e-2,0.05,100,0.0196336909666041,0.0015848774304106335,0.004884688345685849,0.0034459057779510963,0.008987993970494084,0.014411900136324854,0.002848135488701063,0.009558187427459288
1kg,5e-2,0.05,250,0.020685136079729865,0.005047427268988289,0.0059336090085794395,0.0025590533062809354,0.011419671316918217,0.012790706547096381,0.004071826912581712,0.008077730485737252
1kg,5e-2,0.05,500,0.022089781943913936,0.004749627280975694,0.006146101591972022,0.0020190887053000077,0.010438200048135216,0.013746111256242107,0.0025027195690502267,0.008469049147257757
1kg,5e-2,0.05,1000,0.022748102203892766,0.003327734025838635,0.006134260254805228,0.0019165203912740463,0.010337933504689109,0.012831417985647008,0.002738727910674105,0.008800758858142514
1kg,5e-2,0.1,50,0.019740200657966347,0.0032972614806757983,0.0076484409063508315,0.002807527513299262,0.007512253416982817,0.011732786900440412,0.004046689470735145,0.008616134324210638
1kg,5e-2,0.1,100,0.021509269696300713,0.0024880567234753606,0.006572215325727122,0.006195895506618175,0.011093418100183217,0.01482975452376073,0.003851318029335023,0.00979883263093478
1kg,5e-2,0.1,250,0.022275104277171474,0.003705695951135541,0.008132434398389279,0.0059609532395897506,0.01143079482668357,0.013805728055493975,0.004404332195833946,0.011333073623506504
1kg,5e-2,0.1,500,0.023823616898401286,0.00377053147458672,0.008542990554829197,0.0058190348169267336,0.009907929142421263,0.01338575043338377,0.004309974919158051,0.011419058515310077
1kg,5e-2,0.1,1000,0.0243212273963953,0.0021327827664220545,0.009007272019663044,0.006238788151722026,0.009865857233687306,0.01258774569972346,0.004547814302278229,0.011712242878949468
1kg,5e-2,0.2,50,0.019016599737438418,0.0029535122077756024,0.004926130699060866,0.000879648553980271,0.007349010076112468,0.009264204652638401,0.003613001256037837,0.009478495274428069
1kg,5e-2,0.2,100,0.02175004417625198,0.0022282943744187955,0.004966923049612116,0.0035375277688843246,0.009497627604834724,0.010042037344550067,0.00328080372437643,0.01069522009302881
1kg,5e-2,0.2,250,0.022277538106447493,0.0015915746345215726,0.006693981041852256,0.0041346313281102835,0.010581276884367127,0.00851733335792638,0.0039590786756905005,0.011956170565323282
1kg,5e-2,0.2,500,0.023472974819376224,0.0006305790982570897,0.0064087953239434095,0.0037451618601645276,0.00968243181995684,0.008196320026513649,0.0036507443446468827,0.011709919061679114
1kg,5e-2,0.2,1000,0.024038257510939156,0.0005673017764220434,0.006400993150404177,0.004243218696180845,0.009823868793493645,0.008029717092844925,0.0036909034593294358,0.012149282015483296
1kg,5e-2,0.5,50,0.018933957991289392,0.0008060415481600399,0.005062613222291737,0.0008760154805574939,0.0057307468071925785,0.010317820434014323,0.003154287713268067,0.008253165676871978
1kg,5e-2,0.5,100,0.021289157483155297,0.0006630330336437995,0.006909535916784395,0.001279077316566539,0.006148613395901295,0.011273737895589938,0.0025471854614597628,0.00970168469486134
1kg,5e-2,0.5,250,0.021915923823117182,0.0011342182579581956,0.007856574372451562,0.0025685064090151975,0.00717714696489393,0.01048899299680062,0.0026899500441796343,0.009335682806732947
1kg,5e-2,0.5,500,0.022517942298706222,0.00010409800208708902,0.007540215173025792,0.002279501156781292,0.007132563739003455,0.010257131113398689,0.002618811219023046,0.00927837143503315
1kg,5e-2,0.5,1000,0.02255340836883316,0.0003581536543886047,0.0073696363405048515,0.002253495836545316,0.0070546972173214295,0.010026520560434246,0.0028135661749674,0.009433316517520489
1kg,5e-1,0.001,50,0.017154819622273484,0.004214333564487349,0.011043337798220289,0.003762870329622638,0.00021512261300484338,0.011032898504832007,0.005299071481961096,0.006397384342409782
1kg,5e-1,0.001,100,0.018256385661774115,0.0016623647689752614,0.006897736107663208,0.0028054397274311807,0.003268064238987228,0.012533133571326249,0.006178913899216549,0.0034571732758714607
1kg,5e-1,0.001,250,0.019371350817441683,0.0042979665858398405,0.007839444606131046,0.0018634190981186892,0.004206789338142622,0.005051372713329235,0.005263439616368405,0.0032335392193310825
1kg,5e-1,0.001,500,0.01051426214481666,0.013763747538444523,0.004894928624667487,0.002685589796844116,0.0035017456353558163,0.011351311985282789,0.005002135137230745,0.0067386974207394625
1kg,5e-1,0.001,1000,0.009185886548078068,0.007597598592924962,0.011072041304838614,0.01443360554260134,0.005355886431623568,0.012155425767412319,0.0016926326627891913,0.006468666524502073
1kg,5e-1,0.01,50,0.02101139295963442,0.0106728713491821,0.005129737070659612,0.0026444679436967533,0.0027312231756888013,0.012274774297213601,0.006509778845537099,0.004717905080262398
1kg,5e-1,0.01,100,0.018359890354837767,0.007864288828149813,0.005059716560182272,0.006492597871532185,0.0048785789552167,0.013689504687301622,0.005099716567103316,0.008081311924432717
1kg,5e-1,0.01,250,0.02285624047182236,0.008415455486161147,0.003302676014807365,0.0046712742501340745,0.005561937380635484,0.009898112588693988,0.004096616458673228,0.006405023182718336
1kg,5e-1,0.01,500,0.01709024279625063,0.014077841741428674,0.005556654382536431,0.0027785413993577784,0.015082515055016165,0.010729482726368006,0.002776750935680151,0.006910617224915855
1kg,5e-1,0.01,1000,0.02297694728647444,0.008995915111817715,0.005834556203174572,0.007617009052149096,0.011439817911060447,0.007798089245696201,0.0014908844298985953,0.002981490357753771
1kg,5e-1,0.05,50,0.019822012017624624,0.003768542653158262,0.002466820766537797,0.004252875993858201,0.004893574532034139,0.011281932025717452,0.002782166164016963,0.0070460636979374595
1kg,5e-1,0.05,100,0.015873692832085933,0.0078021243384707156,0.002094650988632305,0.002508089445368479,0.0042415093463643305,0.011425920805025108,0.0044514968443310375,0.007840150076028545
1kg,5e-1,0.05,250,0.01831799319187104,0.007057213157881192,0.004535140911107742,0.005679330588437931,0.002802767711945687,0.008199847521595204,0.004055225247524209,0.010938112659614824
1kg,5e-1,0.05,500,0.020539761899501532,0.006477873672101578,0.003166620846712295,0.0038879611264844858,0.005741716413340064,0.009144455328514347,0.0042608315030653555,0.010428094627718055
1kg,5e-1,0.05,1000,0.020602988851051912,0.005135519447034545,0.004225665890442586,0.004202343512791338,0.005970177045616668,0.007506545504443164,0.0032664652116174324,0.012983339152450557
1kg,5e-1,0.1,50,0.019695904463812402,0.0059998350903104365,0.00468266574185673,0.0034272105064237484,0.007373229375181392,0.010923231190356927,0.00288157810681321,0.005850434027258076
1kg,5e-1,0.1,100,0.01573788339933282,0.009336046941352287,0.0033014969045438726,0.003153841186567123,0.004560206708805451,0.012053289663081702,0.005178507096052661,0.008390032137224494
1kg,5e-1,0.1,250,0.01703270399288142,0.006005132103773833,0.005020561763692631,0.002319694520835664,0.0059118342682031606,0.010048812129812712,0.0049722631281192845,0.010675785195065457
1kg,5e-1,0.1,500,0.017235880282550745,0.007717465284869478,0.003611595740794852,0.0005076332300188716,0.006211854738622436,0.010677443402490341,0.006203986215622149,0.011281522596386958
1kg,5e-1,0.1,1000,0.016920501397243357,0.006160261377608531,0.0033508895985759142,0.0018370291263789318,0.005490135401984027,0.009944685211957325,0.005914778034549742,0.011249526667936651
1kg,5e-1,0.2,50,0.019932461916699586,0.004585431176034027,0.0023391182701427327,0.0027260601226646464,0.007390096015069689,0.013125021854221392,0.0018266788992370732,0.0062155885956715375
1kg,5e-1,0.2,100,0.01832791316940513,0.005592402647436461,0.0024466064182902363,0.0013544821206543714,0.0072776446333512705,0.011236668811925275,0.003300341902840402,0.006021925098622139
1kg,5e-1,0.2,250,0.020527902401380596,0.003568602633631657,0.0034457595991977874,0.001827438569673999,0.007720152693218913,0.0110165082856591,0.0032402162956215843,0.007164826590234246
1kg,5e-1,0.2,500,0.02109193497055693,0.002589387367297751,0.0026302652918163013,0.0020953301953209043,0.008641632047374581,0.01095546155344075,0.004001896766835838,0.007539273471476969
1kg,5e-1,0.2,1000,0.0212568585485027,0.0024155285440142795,0.0021926478647217636,0.001983432038589116,0.009092370480248378,0.011077419355884372,0.0038591059026461764,0.007214413127665594
1kg,5e-1,0.5,50,0.019166605969796933,0.00686308047630681,0.005327170627560085,0.0020126665079821457,0.004709217836344047,0.013900289719353396,0.0012441808621220921,0.008441585452242184
1kg,5e-1,0.5,100,0.01859828138212594,0.006972079798734024,0.004721551744789861,0.0013399817933460066,0.005085994921952601,0.013279069228643752,0.0015184181877153312,0.009210396428185507
1kg,5e-1,0.5,250,0.01877531609217602,0.006441256383571915,0.004528136869864999,0.0005223428740120773,0.00550386066261258,0.013320649025198061,0.0014472595497548757,0.009364255989840855
1kg,5e-1,0.5,500,0.019156861187035648,0.005840760096248442,0.00438743745258054,0.001151153705165355,0.005661017054413311,0.013108246308038777,0.0013261515452169222,0.009206917952755406
1kg,5e-1,0.5,1000,0.019293094611867363,0.005374541425650306,0.004246502115598275,0.0011680381051589704,0.005892653391824645,0.013316520860417985,0.001288435987675353,0.009049062196484495
1kg,1,0.001,50,0.017140838475902007,0.00306923814935607,0.011401869463561214,0.004087164868968896,0.000986456465356111,0.010235047090859602,0.005692222381700486,0.006202731220971663
1kg,1,0.001,100,0.017308650804971643,0.002271947243443142,0.007917986049173082,0.002827908473296153,0.0036652772065352405,0.012641256632822888,0.005640100253789325,0.004139900806290843
1kg,1,0.001,250,0.019227955225301626,0.004672265065889583,0.007111512202798668,0.001248759847450489,0.004270983092021571,0.004552726027804953,0.004565321484326753,0.00362714856248435
1kg,1,0.001,500,0.01019608675705672,0.013229850466885167,0.004683375306098581,0.003495994411634302,0.003858586060522055,0.010580511482756535,0.004160930200130033,0.006727162450490948
1kg,1,0.001,1000,0.009433915997461007,0.007620673803955134,0.00985122373802905,0.013872126714391444,0.004739599543511609,0.012083682708481128,0.001689746991382615,0.0061657724227348835
1kg,1,0.01,50,0.02217436558499561,0.01050565465123186,0.005555414802577657,0.002668323521146639,0.004063686576022478,0.013195297373497986,0.005540502808994876,0.004709318407146198
1kg,1,0.01,100,0.019075264093455207,0.0072504137730507595,0.0044391807676672735,0.007453809553020862,0.007254241064810866,0.014564694902456444,0.005292062165675313,0.008347376870591571
1kg,1,0.01,250,0.02396537715431305,0.008585935211138995,0.0036751187026624775,0.005118681216279469,0.005416134161874706,0.009230269760456322,0.004269307956210059,0.005211996809643876
1kg,1,0.01,500,0.01771106582127736,0.014965701968743188,0.0034923153707378924,0.0026492567928640986,0.014611323333769011,0.009569633409761169,0.002902457441871548,0.006898980161236651
1kg,1,0.01,1000,0.022793242410696045,0.009829028747662276,0.0046655756323343844,0.0071072473209503,0.011740966285241258,0.007716323333348949,0.0014620182664887463,0.0031718323002979908
1kg,1,0.05,50,0.02078361642007781,0.00464380842245403,0.003159969237684709,0.00356346536583854,0.007394371328158677,0.012213634075642873,0.002343489475637024,0.0067802203806009665
1kg,1,0.05,100,0.017599639524744463,0.007719645455195756,0.00436138693035171,0.0021077114534499763,0.005972135369852059,0.012495951173389232,0.004829319938837095,0.00700095593812645
1kg,1,0.05,250,0.019795327378509406,0.007166567053586467,0.005413241141674682,0.005910306055670249,0.003670307044239458,0.008943540939635152,0.005165609554107381,0.009763960800990859
1kg,1,0.05,500,0.02219218788008077,0.007003965528112656,0.003776718912740076,0.004303791412140502,0.0065085899859457525,0.009864040219071253,0.004416870343004541,0.009462643774446972
1kg,1,0.05,1000,0.022162803977171474,0.00533856401125924,0.004911515192068216,0.00429933925879213,0.006612297858629822,0.008427896111166292,0.004123330534524023,0.011922049113500281
1kg,1,0.1,50,0.020794457329153256,0.005811233850924766,0.004452442005618665,0.003646447414419478,0.00906347197778163,0.011322599251073932,0.002195054995892178,0.005318735179426589
1kg,1,0.1,100,0.016694177445479217,0.0085412733885616,0.003436986191060521,0.0028953123939037297,0.0069980622839896246,0.01280632810306656,0.005220540829660662,0.007802018648096716
1kg,1,0.1,250,0.01798026484237929,0.005162909478095894,0.004469190711176695,0.0027654834867650337,0.0067828793112853355,0.009668001541980402,0.005642013973829072,0.010434087562342365
1kg,1,0.1,500,0.018211688714580194,0.006240338467429218,0.0027528333630706414,0.0011252142026348755,0.007376781643737832,0.009941519136557463,0.006485650935770165,0.010365378486694528
1kg,1,0.1,1000,0.018007189625943068,0.00507951985656844,0.002708217214901464,0.001970725181129773,0.0063948288629199525,0.009257686132944974,0.006261194495534699,0.010398462818426353
1kg,1,0.2,50,0.02121259716826013,0.004840022588076289,0.0015097288091400292,0.0026524019274065695,0.009499882118182893,0.012284313580647405,0.001672589111428127,0.005499782167888053
1kg,1,0.2,100,0.019829478595693437,0.006176663504384646,0.002930964821808249,0.0023016472687764217,0.009106020436898232,0.010464130116691733,0.003962114857693627,0.005557747630718066
1kg,1,0.2,250,0.022125453801772554,0.003923206192126102,0.0038193832923609943,0.002266677322595545,0.009251691010462242,0.009734968988270759,0.0037556808753606095,0.00668930362528103
1kg,1,0.2,500,0.023002727022224917,0.003014262479980256,0.0029945931026181863,0.002128373272419902,0.01003507732288143,0.00904043425820512,0.0039967584430114795,0.007221113451339251
1kg,1,0.2,1000,0.023139599883760017,0.002651481317391843,0.0025178168875056774,0.0019633917118912604,0.010406609326305527,0.009213182525333896,0.004014990487748313,0.006924427338836693
1kg,1,0.5,50,0.020034883798118942,0.006826534457272505,0.004125228023014229,0.002142454471481846,0.0069710372562833455,0.013898282530077235,0.0015007344564904345,0.00911527713339714
1kg,1,0.5,100,0.019484711087512582,0.006521877101618224,0.0024985213870114195,0.0011467037138860163,0.00650873881256506,0.012484288534610737,0.0022570886343171114,0.010648001746234861
1kg,1,0.5,250,0.020063430629952004,0.005265822458226945,0.002591247556951452,0.0005578666987302401,0.006667579432608825,0.012864090444831177,0.0024014289992689702,0.010779606820178027
1kg,1,0.5,500,0.02055804658906756,0.0046676778217512715,0.002603691752810783,0.0007652245843472914,0.006649368229588822,0.012390736511088357,0.0021811548913996666,0.010796219521597187
1kg,1,0.5,1000,0.020740053399006246,0.004100019574104842,0.00241768953929419,0.0009590385599214422,0.006851891119131867,0.012658960051438675,0.002193409534132095,0.010613066408155196
